id,n,edges,solvable_mask,class,ps,fs,per_hole_min,per_hole_max,states
0,12,1-0 1-2 0-7 2-3 3-4 4-5 5-6 7-8 8-9 9-10 10-11,1188,S,1,6,2 2 1 2 3 1 6 1 2 3 1 6,5 5 4 6 5 4 6 4 6 5 4 6,243
1,12,1-0 1-2 0-7 2-3 3-4 4-5 4-6 7-8 8-9 9-10 10-11,0,U,2,6,2 3 3 2 3 2 2 3 4 2 3 6,5 4 6 5 4 6 6 5 6 6 5 6,247
2,12,1-0 1-2 0-7 2-3 3-4 4-5 4-6 7-8 8-9 9-10 9-11,3432,S,1,7,2 2 3 1 2 1 1 3 1 2 1 1,6 6 7 6 4 7 7 7 6 4 7 7,350
3,12,1-0 1-2 0-7 2-3 3-4 3-6 4-5 7-8 8-9 9-10 10-11,3976,S,1,6,2 2 2 1 2 2 2 1 1 1 1 1,4 5 5 6 5 4 5 5 5 6 5 5,456
4,12,1-0 1-2 0-7 2-3 3-4 3-6 4-5 7-8 8-9 9-10 9-11,0,U,2,7,2 2 2 3 2 4 2 2 2 2 2 2,5 6 6 6 6 5 5 7 6 3 7 7,457
5,12,1-0 1-2 0-7 2-3 3-4 3-6 4-5 7-8 8-9 8-11 9-10,4095,F,1,6,1 1 1 1 1 1 1 1 1 1 1 1,5 5 6 5 6 5 5 6 5 6 5 5,804
6,12,1-0 1-2 0-7 2-3 2-6 3-4 4-5 7-8 8-9 9-10 10-11,0,U,2,6,3 3 3 3 3 3 3 3 2 2 3 2,5 5 6 5 5 6 5 5 6 5 4 6,379
7,12,1-0 1-2 0-7 2-3 2-6 3-4 4-5 7-8 8-9 9-10 9-11,0,U,2,7,3 2 2 2 2 2 2 3 2 3 2 2,6 6 7 6 5 7 6 6 5 4 6 6,526
8,12,1-0 1-2 0-7 2-3 2-6 3-4 4-5 7-8 8-9 8-11 9-10,75,S,1,7,1 1 2 1 2 2 1 2 2 2 2 2,6 6 7 6 4 7 6 5 6 5 4 5,663
9,12,1-0 1-2 0-7 2-3 2-6 3-4 4-5 7-8 7-11 8-9 9-10,0,U,2,6,2 2 3 2 3 3 2 3 2 3 3 2,5 5 6 5 5 6 5 6 5 5 6 5,718
10,12,1-0 1-2 1-6 0-7 2-3 3-4 4-5 7-8 8-9 9-10 10-11,0,U,2,6,2 2 2 2 2 3 2 2 2 2 2 2,5 5 5 6 5 4 5 5 4 6 5 4,507
11,12,1-0 1-2 1-6 0-7 2-3 3-4 4-5 7-8 8-9 9-10 9-11,3525,S,1,7,1 2 1 4 2 4 1 1 1 2 1 1,6 6 6 6 5 5 6 7 6 4 7 7,517
12,12,1-0 1-2 1-6 0-7 2-3 3-4 4-5 7-8 8-9 8-11 9-10,479,S,1,6,1 1 1 1 1 2 1 1 1 2 2 2,6 5 6 6 5 5 6 6 5 6 5 5,871
13,12,1-0 1-2 1-6 0-7 2-3 3-4 4-5 7-8 7-11 8-9 9-10,2817,S,1,7,1 2 2 2 2 3 2 2 1 1 2 1,6 6 5 6 5 5 5 7 6 4 7 6,721
14,12,1-0 1-2 1-6 0-7 0-11 2-3 3-4 4-5 7-8 8-9 9-10,2775,S,1,6,1 1 1 2 1 2 1 1 2 1 2 1,6 6 6 6 5 5 6 6 6 5 5 6,886
15,12,1-0 1-2 0-6 0-11 2-3 3-4 4-5 6-7 7-8 8-9 9-10,0,U,2,6,3 2 2 3 2 3 2 2 3 2 3 2,5 5 6 5 4 6 5 6 5 4 6 5,420
16,12,1-0 1-2 0-6 2-3 3-4 4-5 6-7 7-8 8-9 8-10 8-11,0,U,2,7,3 2 3 5 2 7 3 2 3 2 2 2,6 6 7 6 5 7 7 6 4 7 7 7,313
17,12,1-0 1-2 0-6 2-3 3-4 4-5 6-7 7-8 7-11 8-9 8-10,2387,S,1,7,1 1 2 2 1 2 1 2 1 2 2 1,6 5 7 6 3 7 6 5 6 5 5 5,591
18,12,1-0 1-2 0-6 2-3 3-4 4-5 6-7 6-11 7-8 8-9 8-10,0,U,2,7,2 2 3 3 2 3 3 2 2 2 2 2,6 6 6 6 5 6 7 6 5 7 7 6,462
19,12,1-0 1-2 0-6 0-11 2-3 3-4 4-5 6-7 7-8 8-9 8-10,0,U,2,7,3 2 2 3 2 3 2 2 3 2 2 2,6 6 7 6 4 7 6 6 5 5 5 6,567
20,12,1-0 1-2 0-6 2-3 3-4 4-5 6-7 7-8 7-10 8-9 10-11,3922,S,1,5,2 1 2 2 1 2 1 2 1 1 1 1,5 5 5 5 4 5 5 5 5 5 5 5,564
21,12,1-0 1-2 0-6 2-3 3-4 4-5 6-7 7-8 7-10 7-11 8-9,0,U,2,7,2 2 2 2 2 2 2 2 2 2 2 2,6 5 7 6 4 7 6 6 6 4 6 6,565
22,12,1-0 1-2 0-6 2-3 3-4 4-5 6-7 6-11 7-8 7-10 8-9,4055,S,1,6,1 1 1 2 1 2 1 1 1 1 1 1,6 5 5 5 4 5 6 6 6 5 5 5,805
23,12,1-0 1-2 0-6 0-11 2-3 3-4 4-5 6-7 7-8 7-10 8-9,0,U,2,7,2 2 2 2 2 2 2 2 2 3 2 2,6 6 7 6 3 7 6 6 5 5 5 5,696
24,12,1-0 1-2 0-6 2-3 3-4 4-5 6-7 6-10 7-8 8-9 10-11,3543,S,1,6,1 1 1 2 1 2 1 1 1 3 1 1,6 6 6 5 4 6 5 6 5 5 6 6,659
25,12,1-0 1-2 0-6 2-3 3-4 4-5 6-7 6-10 6-11 7-8 8-9,146,S,1,7,2 1 2 3 1 3 2 1 2 2 2 2,6 6 6 6 5 6 7 6 5 7 6 6,583
26,12,1-0 1-2 0-6 0-11 2-3 3-4 4-5 6-7 6-10 7-8 8-9,1427,S,1,6,1 1 2 2 1 3 2 1 1 3 1 2,5 6 6 5 4 6 5 6 5 5 6 6,773
27,12,1-0 1-2 0-6 0-10 2-3 3-4 4-5 6-7 7-8 8-9 10-11,1367,S,1,5,1 1 1 3 1 3 1 2 1 2 1 2,5 5 5 5 4 5 5 5 5 5 5 5,684
28,12,1-0 1-2 0-6 0-10 0-11 2-3 3-4 4-5 6-7 7-8 8-9,44,S,1,7,2 2 1 1 2 1 2 2 2 2 2 2,6 6 7 6 4 7 6 6 5 5 6 6,680
29,12,1-0 1-2 0-8 2-3 3-4 3-5 3-6 3-7 8-9 9-10 10-11,0,U,4,7,5 4 4 5 4 4 4 4 5 4 5 7,6 7 6 5 7 7 7 7 7 7 6 7,252
30,12,1-0 1-2 0-8 2-3 2-7 3-4 3-5 3-6 8-9 9-10 10-11,0,U,2,7,3 2 2 3 2 2 2 3 3 2 3 3,6 6 6 6 6 6 6 5 5 7 6 5,631
31,12,1-0 1-2 1-7 0-8 2-3 3-4 3-5 3-6 8-9 9-10 10-11,0,U,2,7,3 4 2 3 2 2 2 3 4 4 5 4,6 7 6 6 7 7 7 6 7 6 5 7,356
32,12,1-0 1-2 0-7 2-3 3-4 3-5 3-6 7-8 8-9 9-10 9-11,0,U,4,7,5 4 4 5 4 4 4 4 4 5 4 4,5 7 6 5 7 7 7 7 6 5 7 7,222
33,12,1-0 1-2 0-7 2-3 3-4 3-5 3-6 7-8 8-9 8-11 9-10,0,U,2,7,3 3 2 3 2 2 2 3 2 3 3 3,6 6 6 5 6 6 6 6 7 6 5 6,583
34,12,1-0 1-2 0-7 2-3 3-4 3-5 3-6 7-8 7-11 8-9 9-10,0,U,3,7,4 4 3 4 3 3 3 5 4 4 5 4,6 7 6 5 7 7 7 7 6 6 7 6,349
35,12,1-0 1-2 0-7 0-11 2-3 3-4 3-5 3-6 7-8 8-9 9-10,0,U,3,7,3 4 3 4 3 3 3 4 3 3 4 4,6 6 6 5 6 6 6 6 7 6 5 6,582
36,12,1-0 1-2 0-7 2-3 3-4 3-5 3-6 7-8 8-9 8-10 8-11,0,U,3,8,4 4 3 4 3 3 3 3 4 3 3 3,8 8 7 5 8 8 8 7 5 8 8 8,471
37,12,1-0 1-2 0-8 2-3 2-6 3-4 3-5 6-7 8-9 9-10 10-11,0,U,2,6,2 2 2 2 2 2 2 3 3 2 3 3,6 6 5 6 6 6 6 5 6 5 4 6,653
38,12,1-0 1-2 0-8 2-3 2-6 2-7 3-4 3-5 8-9 9-10 10-11,3893,S,1,7,1 2 1 2 1 1 2 2 1 1 1 1,6 6 6 6 6 6 6 6 5 7 6 5,923
39,12,1-0 1-2 1-7 0-8 2-3 2-6 3-4 3-5 8-9 9-10 10-11,0,U,2,6,2 2 2 2 2 2 2 2 3 2 2 3,6 6 6 6 6 6 6 6 6 6 5 6,844
40,12,1-0 1-2 0-7 2-3 2-6 3-4 3-5 7-8 8-9 9-10 9-11,0,U,2,6,2 3 2 3 2 2 3 3 2 2 2 2,5 6 6 6 6 6 5 5 6 5 6 6,640
41,12,1-0 1-2 0-7 2-3 2-6 3-4 3-5 7-8 8-9 8-11 9-10,511,S,1,7,1 1 1 1 1 1 1 1 1 2 2 2,6 6 6 6 6 6 5 6 7 6 4 6,987
42,12,1-0 1-2 0-7 2-3 2-6 3-4 3-5 7-8 7-11 8-9 9-10,0,U,2,6,2 2 2 2 2 2 2 2 2 3 2 2,6 6 6 6 5 5 5 6 6 6 6 6,864
43,12,1-0 1-2 0-7 0-11 2-3 2-6 3-4 3-5 7-8 8-9 9-10,2813,S,1,7,1 2 1 1 1 1 1 1 2 1 2 1,6 6 6 6 6 6 5 6 7 6 5 5,1052
44,12,1-0 1-2 0-7 2-3 2-6 3-4 3-5 7-8 8-9 8-10 8-11,0,U,2,8,2 2 3 2 3 3 2 2 3 2 2 2,8 7 7 7 6 6 6 7 5 8 8 8,715
45,12,1-0 1-2 0-7 2-3 2-6 3-4 3-5 7-8 7-11 8-9 8-10,2379,S,1,7,1 1 2 1 2 2 1 2 1 2 2 1,7 7 6 7 6 6 6 6 7 6 6 6,1205
46,12,1-0 1-2 1-6 0-8 2-3 3-4 3-5 6-7 8-9 9-10 10-11,0,U,2,6,2 2 2 2 2 2 2 3 3 2 2 3,6 6 6 6 5 5 6 6 6 6 5 6,660
47,12,1-0 1-2 1-6 1-7 0-8 2-3 3-4 3-5 8-9 9-10 10-11,0,U,3,7,3 3 3 3 3 3 3 3 4 3 4 4,6 7 6 5 7 7 6 6 7 6 5 7,445
48,12,1-0 1-2 1-6 0-7 2-3 3-4 3-5 7-8 8-9 9-10 9-11,0,U,3,7,3 4 3 3 3 3 3 4 4 4 4 4,6 7 6 6 7 7 6 7 6 5 7 7,329
49,12,1-0 1-2 1-6 0-7 2-3 3-4 3-5 7-8 8-9 8-11 9-10,0,U,2,6,2 3 2 2 2 2 2 2 2 3 3 3,6 6 6 6 6 6 6 6 6 6 5 5,776
50,12,1-0 1-2 1-6 0-7 2-3 3-4 3-5 7-8 7-11 8-9 9-10,0,U,3,7,3 3 3 3 3 3 3 3 3 4 4 3,6 7 6 5 7 7 6 7 6 5 7 6,471
51,12,1-0 1-2 1-6 0-7 0-11 2-3 3-4 3-5 7-8 8-9 9-10,0,U,2,6,2 2 2 3 2 2 3 2 2 2 4 2,6 6 6 6 6 6 6 6 6 5 6 6,786
52,12,1-0 1-2 1-6 0-7 2-3 3-4 3-5 7-8 8-9 8-10 8-11,0,U,3,8,3 4 3 3 3 3 3 3 4 3 3 3,7 8 7 6 8 8 7 7 6 7 7 7,636
53,12,1-0 1-2 1-6 0-7 2-3 3-4 3-5 7-8 7-11 8-9 8-10,125,S,1,8,1 2 1 1 1 1 1 3 2 3 3 2,7 8 7 5 8 8 7 7 6 6 6 6,919
54,12,1-0 1-2 1-6 0-7 0-11 2-3 3-4 3-5 7-8 8-9 8-10,1716,S,1,7,2 2 1 2 1 1 2 1 2 1 1 2,7 7 7 6 7 7 7 7 6 7 7 7,918
55,12,1-0 1-2 0-6 0-11 2-3 3-4 3-5 6-7 7-8 8-9 8-10,0,U,2,6,3 4 2 3 2 2 4 2 3 2 2 4,5 6 6 5 6 6 6 6 5 6 6 6,625
56,12,1-0 1-2 0-6 2-3 3-4 3-5 6-7 7-8 7-10 8-9 10-11,0,U,2,6,2 3 2 2 2 2 3 2 3 3 3 3,6 6 5 4 6 6 6 5 6 6 6 6,623
57,12,1-0 1-2 0-6 2-3 3-4 3-5 6-7 7-8 7-10 7-11 8-9,3957,S,1,7,1 2 1 2 1 1 1 2 1 1 1 1,6 6 6 5 6 6 6 7 6 4 6 6,783
58,12,1-0 1-2 0-6 2-3 3-4 3-5 6-7 6-11 7-8 7-10 8-9,0,U,2,6,2 2 2 2 2 2 3 2 3 3 3 2,6 6 6 5 6 6 6 6 6 6 6 6,800
59,12,1-0 1-2 0-6 0-11 2-3 3-4 3-5 6-7 7-8 7-10 8-9,2303,S,1,7,1 1 1 1 1 1 1 1 2 2 2 1,6 6 6 5 6 6 6 7 6 5 6 5,964
60,12,1-0 1-2 0-6 2-3 3-4 3-5 6-7 6-10 7-8 8-9 10-11,180,S,1,6,2 3 1 2 1 1 3 1 2 3 2 2,6 6 6 5 6 6 6 6 6 5 6 6,643
61,12,1-0 1-2 0-6 2-3 3-4 3-5 6-7 6-10 6-11 7-8 8-9,0,U,3,7,4 4 3 4 3 3 3 3 4 3 4 4,6 7 6 5 7 7 7 6 6 7 6 6,438
62,12,1-0 1-2 0-6 0-11 2-3 3-4 3-5 6-7 6-10 7-8 8-9,180,S,1,6,2 2 1 2 1 1 2 1 2 3 2 2,6 6 6 5 6 6 6 6 6 6 6 6,836
63,12,1-0 1-2 0-6 0-10 2-3 3-4 3-5 6-7 7-8 8-9 10-11,0,U,2,6,2 2 2 2 2 2 2 2 3 4 2 2,5 6 6 5 6 6 6 6 5 6 6 5,712
64,12,1-0 1-2 0-6 0-10 0-11 2-3 3-4 3-5 6-7 7-8 8-9,317,S,1,7,1 2 1 1 1 1 2 2 1 2 2 2,6 6 6 5 6 6 6 7 6 4 6 6,930
65,12,1-0 1-2 0-6 2-3 3-4 3-5 6-7 7-8 7-9 7-10 7-11,0,U,3,8,4 4 3 4 3 3 3 4 3 3 3 3,8 8 7 5 8 8 7 5 8 8 8 8,435
66,12,1-0 1-2 0-6 2-3 3-4 3-5 6-7 6-11 7-8 7-9 7-10,1908,S,1,8,2 2 1 2 1 1 1 2 1 1 1 2,7 8 7 5 8 8 7 7 6 6 6 6,813
67,12,1-0 1-2 0-6 0-11 2-3 3-4 3-5 6-7 7-8 7-9 7-10,0,U,2,8,4 3 3 4 3 3 2 3 2 2 2 3,8 7 7 6 7 7 7 6 8 8 8 7,599
68,12,1-0 1-2 0-6 2-3 3-4 3-5 6-7 6-10 7-8 7-9 10-11,884,S,1,6,2 2 1 2 1 1 1 2 1 1 2 2,6 6 6 5 6 6 6 6 6 6 6 6,848
69,12,1-0 1-2 0-6 2-3 3-4 3-5 6-7 6-10 6-11 7-8 7-9,0,U,2,8,2 2 2 2 2 2 3 2 3 3 2 2,7 8 7 5 8 8 7 7 6 6 7 7,917
70,12,1-0 1-2 0-6 0-11 2-3 3-4 3-5 6-7 6-10 7-8 7-9,4086,S,1,7,2 1 1 2 1 1 1 1 1 1 1 1,7 7 7 6 6 6 7 7 6 6 6 7,1137
71,12,1-0 1-2 0-6 0-10 2-3 3-4 3-5 6-7 7-8 7-9 10-11,2038,S,1,7,2 1 1 2 1 1 1 1 1 1 1 2,6 7 7 6 7 7 7 6 6 6 7 7,913
72,12,1-0 1-2 0-6 0-10 0-11 2-3 3-4 3-5 6-7 7-8 7-9,0,U,2,8,3 3 2 3 2 2 2 3 2 2 3 3,8 7 7 6 7 7 7 5 8 8 7 7,753
73,12,1-0 1-2 0-6 2-3 3-4 3-5 6-7 6-9 6-11 7-8 9-10,125,S,1,6,1 2 1 1 1 1 1 2 2 2 2 2,6 6 6 5 6 6 6 6 6 6 6 6,981
74,12,1-0 1-2 0-6 0-11 2-3 3-4 3-5 6-7 6-9 7-8 9-10,2806,S,1,6,2 1 1 2 1 1 1 1 2 1 2 1,6 6 6 5 6 6 6 6 6 6 6 6,1144
75,12,1-0 1-2 0-6 2-3 3-4 3-5 6-7 6-9 6-10 6-11 7-8,0,U,3,8,3 3 3 4 3 3 4 3 3 3 3 3,7 8 7 5 8 8 7 7 6 7 7 7,578
76,12,1-0 1-2 0-6 0-11 2-3 3-4 3-5 6-7 6-9 6-10 7-8,1725,S,1,7,1 2 1 1 1 1 2 1 2 1 1 2,7 7 7 6 6 6 7 7 6 7 7 7,1194
77,12,1-0 1-2 0-6 0-10 2-3 3-4 3-5 6-7 6-9 7-8 10-11,189,S,1,6,1 2 1 1 1 1 2 1 2 2 2 2,6 6 6 6 6 6 6 6 6 6 6 6,1108
78,12,1-0 1-2 0-6 0-10 0-11 2-3 3-4 3-5 6-7 6-9 7-8,4095,F,1,7,1 1 1 1 1 1 1 1 1 1 1 1,7 7 7 6 6 6 7 7 6 6 7 7,1335
79,12,1-0 1-2 0-6 0-9 2-3 3-4 3-5 6-7 7-8 9-10 10-11,628,S,1,6,2 2 1 2 1 1 1 2 2 1 2 2,6 6 6 5 6 6 6 6 6 6 6 6,838
80,12,1-0 1-2 0-6 0-9 2-3 3-4 3-5 6-7 7-8 9-10 9-11,3133,S,1,7,1 2 1 1 1 1 2 2 3 2 1 1,6 7 7 6 7 7 7 6 6 7 7 7,934
81,12,1-0 1-2 0-6 0-9 0-11 2-3 3-4 3-5 6-7 7-8 9-10,3071,S,1,7,1 1 1 1 1 1 1 1 1 1 2 1,6 7 7 6 7 7 7 6 6 7 7 7,1168
82,12,1-0 1-2 0-6 0-9 0-10 0-11 2-3 3-4 3-5 6-7 7-8,0,U,2,8,2 2 2 2 2 2 2 3 3 2 2 2,8 7 7 6 7 7 7 6 8 7 7 7,872
83,12,1-0 1-2 0-8 2-3 2-5 2-7 3-4 5-6 8-9 9-10 10-11,3845,S,1,6,1 2 1 2 2 2 2 2 1 1 1 1,6 6 5 6 6 6 6 6 6 5 4 6,957
84,12,1-0 1-2 1-7 0-8 2-3 2-5 3-4 5-6 8-9 9-10 10-11,0,U,2,6,2 2 2 2 2 2 2 2 3 2 2 3,5 5 5 5 5 5 5 5 6 5 4 6,845
85,12,1-0 1-2 0-7 2-3 2-5 3-4 5-6 7-8 8-9 8-11 9-10,511,S,1,6,1 1 1 1 1 1 1 1 1 2 2 2,6 6 5 6 6 6 6 5 5 5 4 4,970
86,12,1-0 1-2 0-7 2-3 2-5 3-4 5-6 7-8 7-11 8-9 9-10,0,U,2,6,2 2 2 2 2 2 2 2 2 3 2 2,5 5 5 5 5 5 5 6 5 4 6 5,860
87,12,1-0 1-2 0-7 0-11 2-3 2-5 3-4 5-6 7-8 8-9 9-10,2733,S,1,6,1 2 1 1 2 1 2 1 2 1 3 1,6 6 5 6 6 6 6 5 5 4 5 5,1052
88,12,1-0 1-2 0-7 2-3 2-5 3-4 5-6 7-8 8-9 8-10 8-11,0,U,2,6,3 2 3 2 2 2 2 2 3 2 2 2,6 6 6 6 6 6 6 6 5 6 6 6,672
89,12,1-0 1-2 0-7 2-3 2-5 3-4 5-6 7-8 7-11 8-9 8-10,2427,S,1,6,1 1 2 1 1 1 1 2 1 2 2 1,6 6 6 6 6 6 6 6 5 5 5 5,1212
90,12,1-0 1-2 0-7 0-11 2-3 2-5 3-4 5-6 7-8 8-9 8-10,1705,S,1,6,1 2 3 1 2 1 2 1 2 1 1 2,6 6 6 6 6 6 6 6 5 6 6 6,926
91,12,1-0 1-2 0-7 2-3 2-5 3-4 5-6 7-8 7-10 8-9 10-11,3963,S,1,5,1 1 2 1 1 1 1 2 1 1 1 1,5 5 5 5 5 5 5 5 5 5 5 5,1212
92,12,1-0 1-2 0-8 2-3 2-5 2-6 2-7 3-4 8-9 9-10 10-11,494,S,1,7,2 1 1 1 2 1 1 1 1 3 2 3,6 6 7 6 4 6 6 6 6 7 6 6,770
93,12,1-0 1-2 1-7 0-8 2-3 2-5 2-6 3-4 8-9 9-10 10-11,3975,S,1,6,1 1 1 2 2 2 2 1 1 1 1 1,6 6 6 6 6 6 6 6 6 6 5 6,1123
94,12,1-0 1-2 0-7 2-3 2-5 2-6 3-4 7-8 8-9 8-11 9-10,494,S,1,7,2 1 1 1 2 1 1 1 1 2 2 2,6 6 7 6 4 6 6 6 7 6 4 6,940
95,12,1-0 1-2 0-7 2-3 2-5 2-6 3-4 7-8 7-11 8-9 9-10,2949,S,1,6,1 2 1 2 2 2 2 1 1 1 2 1,6 6 6 6 5 6 6 6 6 6 6 6,1046
96,12,1-0 1-2 0-7 0-11 2-3 2-5 2-6 3-4 7-8 8-9 9-10,2815,S,1,7,1 1 1 1 1 1 1 1 2 1 2 1,6 6 7 6 5 6 6 6 7 6 5 5,997
97,12,1-0 1-2 0-7 2-3 2-5 2-6 3-4 7-8 8-9 8-10 8-11,0,U,3,8,4 4 4 4 4 4 4 3 4 3 3 3,8 7 7 7 6 7 7 7 5 8 8 8,526
98,12,1-0 1-2 0-7 2-3 2-5 2-6 3-4 7-8 7-11 8-9 8-10,4078,S,1,7,2 1 1 1 2 1 1 1 1 1 1 1,7 7 6 7 5 7 7 6 7 6 6 6,1189
99,12,1-0 1-2 0-7 0-11 2-3 2-5 2-6 3-4 7-8 8-9 8-10,0,U,2,8,4 2 3 2 4 2 2 2 3 2 2 3,8 7 7 6 6 6 6 7 5 8 8 7,665
100,12,1-0 1-2 0-7 2-3 2-5 2-6 3-4 7-8 7-10 8-9 10-11,1518,S,1,6,2 1 1 1 2 1 1 1 1 2 1 2,6 6 6 5 5 5 5 6 6 6 6 6,1199
101,12,1-0 1-2 0-7 2-3 2-5 2-6 3-4 7-8 7-10 7-11 8-9,4095,F,1,7,1 1 1 1 1 1 1 1 1 1 1 1,7 7 6 7 5 7 7 6 7 5 7 7,1460
102,12,1-0 1-2 1-6 0-8 2-3 2-5 3-4 6-7 8-9 9-10 10-11,3967,S,1,6,1 1 1 1 1 1 1 2 1 1 1 1,6 6 6 6 5 6 6 5 6 6 5 5,1062
103,12,1-0 1-2 1-6 1-7 0-8 2-3 2-5 3-4 8-9 9-10 10-11,0,U,2,6,2 2 2 2 2 2 2 2 2 2 2 2,6 6 6 6 6 6 6 6 6 6 5 6,962
104,12,1-0 1-2 1-6 0-7 2-3 2-5 3-4 7-8 8-9 8-11 9-10,3071,S,1,6,1 1 1 1 1 1 1 1 1 1 2 1,6 6 6 6 6 6 6 6 6 5 5 5,1275
105,12,1-0 1-2 1-6 0-7 2-3 2-5 3-4 7-8 7-11 8-9 9-10,365,S,1,6,1 2 1 1 2 1 1 2 1 2 2 2,6 6 6 6 5 5 5 6 6 5 6 6,1030
106,12,1-0 1-2 1-6 0-7 0-11 2-3 2-5 3-4 7-8 8-9 9-10,4095,F,1,6,1 1 1 1 1 1 1 1 1 1 1 1,6 6 6 6 6 6 6 6 6 5 6 6,1291
107,12,1-0 1-2 1-6 0-7 2-3 2-5 3-4 7-8 8-9 8-10 8-11,3970,S,1,7,2 1 2 2 2 2 2 1 1 1 1 1,7 7 7 7 6 6 7 7 6 6 6 6,951
108,12,1-0 1-2 1-6 0-7 2-3 2-5 3-4 7-8 7-11 8-9 8-10,4095,F,1,7,1 1 1 1 1 1 1 1 1 1 1 1,7 7 7 7 6 6 6 6 6 6 6 6,1480
109,12,1-0 1-2 1-6 0-7 0-11 2-3 2-5 3-4 7-8 8-9 8-10,3979,S,1,7,1 1 2 1 2 2 2 1 1 1 1 1,6 6 7 6 6 6 7 7 6 6 6 7,1209
110,12,1-0 1-2 1-6 0-7 2-3 2-5 3-4 7-8 7-10 8-9 10-11,4095,F,1,6,1 1 1 1 1 1 1 1 1 1 1 1,6 5 6 5 5 5 6 6 6 6 6 6,1504
111,12,1-0 1-2 1-6 0-7 2-3 2-5 3-4 7-8 7-10 7-11 8-9,3583,S,1,7,1 1 1 1 1 1 1 1 1 2 1 1,7 7 7 7 6 6 6 6 6 6 6 6,1376
112,12,1-0 1-2 1-6 0-7 0-11 2-3 2-5 3-4 7-8 7-10 8-9,4095,F,1,6,1 1 1 1 1 1 1 1 1 1 1 1,6 6 6 6 6 6 6 6 6 6 6 6,1719
113,12,1-0 1-2 0-6 0-11 2-3 2-5 3-4 6-7 7-8 7-10 8-9,4095,F,1,7,1 1 1 1 1 1 1 1 1 1 1 1,6 6 7 6 4 6 6 7 6 4 6 5,1097
114,12,1-0 1-2 0-6 2-3 2-5 3-4 6-7 6-10 7-8 8-9 10-11,4079,S,1,6,1 1 1 1 2 1 1 1 1 1 1 1,6 6 6 5 5 5 6 6 6 5 6 5,1098
115,12,1-0 1-2 0-6 2-3 2-5 3-4 6-7 6-10 6-11 7-8 8-9,132,S,1,6,2 2 1 2 2 2 2 1 2 2 2 2,6 6 6 6 5 5 6 6 6 6 6 6,950
116,12,1-0 1-2 0-6 0-11 2-3 2-5 3-4 6-7 6-10 7-8 8-9,4079,S,1,6,1 1 1 1 2 1 1 1 1 1 1 1,6 6 6 5 5 5 6 6 6 6 6 6,1224
117,12,1-0 1-2 0-6 0-10 2-3 2-5 3-4 6-7 7-8 8-9 10-11,2031,S,1,6,1 1 1 1 2 1 1 1 1 1 1 2,5 6 6 5 5 5 6 6 5 6 6 5,1114
118,12,1-0 1-2 0-6 0-10 0-11 2-3 2-5 3-4 6-7 7-8 8-9,3583,S,1,7,1 1 1 1 1 1 1 1 1 2 1 1,6 6 7 6 5 6 6 7 6 5 6 6,1065
119,12,1-0 1-2 0-6 2-3 2-5 3-4 6-7 7-8 7-9 7-10 7-11,0,U,3,8,4 4 5 4 6 4 3 4 3 3 3 3,8 7 7 7 6 6 7 5 8 8 8 8,437
120,12,1-0 1-2 0-6 2-3 2-5 3-4 6-7 6-11 7-8 7-9 7-10,1860,S,1,7,2 2 1 2 3 2 1 2 1 1 1 2,7 7 6 7 6 6 6 7 6 6 6 6,1043
121,12,1-0 1-2 0-6 0-11 2-3 2-5 3-4 6-7 7-8 7-9 7-10,0,U,2,8,4 3 3 4 4 4 2 3 2 2 2 3,8 7 7 6 6 6 7 5 8 8 8 7,565
122,12,1-0 1-2 0-6 2-3 2-5 3-4 6-7 6-10 7-8 7-9 10-11,836,S,1,6,2 2 1 2 3 2 1 2 1 1 2 2,6 6 6 5 5 5 6 6 6 6 6 6,1079
123,12,1-0 1-2 0-6 2-3 2-5 3-4 6-7 6-10 6-11 7-8 7-9,4095,F,1,7,1 1 1 1 1 1 1 1 1 1 1 1,7 7 6 7 6 6 6 7 6 6 7 7,1451
124,12,1-0 1-2 0-6 0-11 2-3 2-5 3-4 6-7 6-10 7-8 7-9,2943,S,1,7,1 1 1 1 1 1 1 2 1 1 2 1,7 7 6 6 6 6 7 7 6 6 6 6,1277
125,12,1-0 1-2 0-6 0-10 2-3 2-5 3-4 6-7 7-8 7-9 10-11,891,S,1,7,1 1 2 1 1 1 1 2 1 1 2 2,6 7 7 6 6 6 7 6 6 6 7 7,1054
126,12,1-0 1-2 0-6 0-10 0-11 2-3 2-5 3-4 6-7 7-8 7-9,0,U,3,8,3 3 3 3 3 3 3 3 3 3 3 3,8 7 7 6 6 6 7 5 8 8 7 7,679
127,12,1-0 1-2 0-6 2-3 2-5 3-4 6-7 6-9 6-11 7-8 9-10,4095,F,1,6,1 1 1 1 1 1 1 1 1 1 1 1,5 5 6 5 5 5 6 5 5 5 5 5,1506
128,12,1-0 1-2 0-6 0-11 2-3 2-5 3-4 6-7 6-9 7-8 9-10,2175,S,1,6,1 1 1 1 1 1 1 2 2 2 2 1,6 6 6 5 5 5 6 6 6 6 6 6,1286
129,12,1-0 1-2 0-6 2-3 2-5 3-4 6-7 6-9 6-10 6-11 7-8,3753,S,1,7,1 2 2 1 3 1 2 1 2 1 1 1,7 7 6 7 6 6 6 7 5 7 7 7,1214
130,12,1-0 1-2 0-6 0-11 2-3 2-5 3-4 6-7 6-9 6-10 7-8,4095,F,1,7,1 1 1 1 1 1 1 1 1 1 1 1,7 7 6 6 6 6 7 7 6 7 7 6,1636
131,12,1-0 1-2 0-6 0-10 2-3 2-5 3-4 6-7 6-9 7-8 10-11,4095,F,1,6,1 1 1 1 1 1 1 1 1 1 1 1,6 6 6 6 6 6 6 6 6 6 6 6,1561
132,12,1-0 1-2 0-6 0-10 0-11 2-3 2-5 3-4 6-7 6-9 7-8,3839,S,1,7,1 1 1 1 1 1 1 1 2 1 1 1,7 7 6 6 6 6 7 7 6 6 7 7,1426
133,12,1-0 1-2 0-6 0-9 2-3 2-5 3-4 6-7 7-8 9-10 10-11,0,U,2,6,2 2 2 2 2 2 2 2 2 2 2 2,6 6 6 5 5 5 6 6 6 6 6 6,958
134,12,1-0 1-2 0-6 0-9 2-3 2-5 3-4 6-7 7-8 9-10 9-11,4095,F,1,7,1 1 1 1 1 1 1 1 1 1 1 1,6 7 7 6 6 6 7 5 5 7 7 7,1322
135,12,1-0 1-2 0-6 0-9 0-11 2-3 2-5 3-4 6-7 7-8 9-10,3790,S,1,7,2 1 1 1 2 2 1 1 2 1 1 1,6 7 7 6 6 6 7 6 6 7 7 7,1299
136,12,1-0 1-2 0-6 0-9 0-10 0-11 2-3 2-5 3-4 6-7 7-8,0,U,2,8,3 2 3 2 3 3 2 3 3 2 2 2,8 7 7 6 6 6 7 5 8 7 7 7,771
137,12,1-0 1-2 1-5 0-8 2-3 3-4 5-6 6-7 8-9 9-10 10-11,0,U,2,5,2 2 2 3 2 2 3 2 3 2 2 3,5 5 5 5 5 5 5 5 5 5 4 5,604
138,12,1-0 1-2 1-5 0-8 2-3 3-4 5-6 5-7 8-9 9-10 10-11,2816,S,1,6,2 2 2 2 2 2 2 2 1 1 2 1,6 6 6 6 5 6 6 6 6 6 5 6,868
139,12,1-0 1-2 1-5 1-7 0-8 2-3 3-4 5-6 8-9 9-10 10-11,0,U,2,6,2 2 2 2 2 2 2 2 2 2 2 2,6 6 6 5 6 6 6 6 6 6 5 6,856
140,12,1-0 1-2 1-5 0-7 2-3 3-4 5-6 7-8 7-11 8-9 9-10,297,S,1,6,1 2 2 1 2 1 3 2 1 2 2 2,6 6 6 5 5 6 6 6 6 5 6 6,877
141,12,1-0 1-2 1-5 0-7 0-11 2-3 3-4 5-6 7-8 8-9 9-10,4031,S,1,6,1 1 1 1 1 1 2 1 1 1 1 1,6 6 6 6 5 6 5 6 6 5 6 6,1130
142,12,1-0 1-2 1-5 0-7 2-3 3-4 5-6 7-8 8-9 8-10 8-11,3970,S,1,7,2 1 2 2 4 2 2 1 1 1 1 1,7 6 7 6 6 7 7 7 6 7 7 7,794
143,12,1-0 1-2 1-5 0-7 2-3 3-4 5-6 7-8 7-11 8-9 8-10,4079,S,1,7,1 1 1 1 2 1 1 1 1 1 1 1,7 6 7 6 6 7 7 7 6 6 6 6,1294
144,12,1-0 1-2 1-5 0-7 0-11 2-3 3-4 5-6 7-8 8-9 8-10,3971,S,1,7,1 1 2 2 3 2 2 1 1 1 1 1,7 6 6 6 6 6 6 6 6 7 7 6,1042
145,12,1-0 1-2 1-5 0-7 2-3 3-4 5-6 7-8 7-10 8-9 10-11,4079,S,1,6,1 1 1 1 2 1 1 1 1 1 1 1,6 5 5 5 5 5 5 5 6 6 6 6,1305
146,12,1-0 1-2 1-5 0-7 2-3 3-4 5-6 7-8 7-10 7-11 8-9,3863,S,1,7,1 1 1 2 1 2 2 2 1 1 1 1,7 6 7 6 6 7 7 7 6 6 6 6,1209
147,12,1-0 1-2 1-5 0-7 0-11 2-3 3-4 5-6 7-8 7-10 8-9,4095,F,1,6,1 1 1 1 1 1 1 1 1 1 1 1,6 6 6 5 6 5 6 6 6 6 6 6,1558
148,12,1-0 1-2 1-5 0-7 0-10 2-3 3-4 5-6 7-8 8-9 10-11,4095,F,1,6,1 1 1 1 1 1 1 1 1 1 1 1,6 6 6 5 6 6 6 6 5 6 6 6,1387
149,12,1-0 1-2 1-5 1-6 1-7 0-8 2-3 3-4 8-9 9-10 10-11,0,U,2,7,2 3 2 3 3 2 2 2 3 3 4 4,6 7 6 6 7 6 6 6 7 6 5 7,514
150,12,1-0 1-2 1-5 1-6 0-7 2-3 3-4 7-8 7-11 8-9 9-10,0,U,2,7,2 3 2 4 3 2 2 3 2 3 4 3,6 7 6 5 7 6 6 7 6 5 7 6,585
151,12,1-0 1-2 1-5 1-6 0-7 0-11 2-3 3-4 7-8 8-9 9-10,0,U,2,6,2 2 2 2 3 2 2 2 2 2 2 2,6 6 6 6 6 6 6 6 6 5 6 6,981
152,12,1-0 1-2 1-5 1-6 0-7 2-3 3-4 7-8 8-9 8-10 8-11,0,U,2,8,3 2 2 3 3 3 3 2 2 2 2 2,7 8 7 6 8 7 7 7 6 7 7 7,809
153,12,1-0 1-2 1-5 1-6 0-7 2-3 3-4 7-8 7-11 8-9 8-10,2327,S,1,8,1 1 1 2 1 2 2 2 1 2 2 1,7 8 7 5 8 7 7 7 6 6 6 6,1103
154,12,1-0 1-2 1-5 1-6 0-7 0-11 2-3 3-4 7-8 8-9 8-10,0,U,2,7,2 2 2 2 2 2 2 2 2 2 2 2,7 7 7 6 7 7 7 7 6 7 7 7,1156
155,12,1-0 1-2 1-5 1-6 0-7 2-3 3-4 7-8 7-10 8-9 10-11,3949,S,1,6,1 2 1 1 2 1 1 2 1 1 1 1,6 6 6 5 6 6 6 6 6 6 6 6,1127
156,12,1-0 1-2 1-5 1-6 0-7 2-3 3-4 7-8 7-10 7-11 8-9,0,U,2,8,2 3 2 3 3 3 3 3 2 3 2 2,7 8 7 5 8 7 7 7 6 6 6 6,783
157,12,1-0 1-2 1-5 1-6 0-7 0-11 2-3 3-4 7-8 7-10 8-9,4095,F,1,7,1 1 1 1 1 1 1 1 1 1 1 1,6 6 7 6 6 7 7 7 6 6 6 7,1411
158,12,1-0 1-2 1-5 1-6 0-7 0-10 2-3 3-4 7-8 8-9 10-11,3583,S,1,7,1 1 1 1 1 1 1 1 1 2 1 1,6 7 6 6 7 6 6 6 6 6 6 6,1233
159,12,1-0 1-2 1-5 1-6 0-7 0-10 0-11 2-3 3-4 7-8 8-9,3567,S,1,7,1 1 1 1 2 1 1 1 1 2 1 1,7 7 7 6 7 7 7 7 6 7 7 7,1420
160,12,1-0 1-2 1-5 0-6 0-11 2-3 3-4 6-7 6-10 7-8 8-9,0,U,2,6,2 2 2 2 2 2 2 2 2 2 2 2,5 6 6 5 6 6 6 6 5 6 6 6,1068
161,12,1-0 1-2 1-5 0-6 0-10 2-3 3-4 6-7 7-8 8-9 10-11,0,U,2,6,2 2 2 2 2 2 2 2 2 2 2 3,5 6 5 5 6 5 5 5 5 5 5 5,928
162,12,1-0 1-2 1-5 0-6 0-10 0-11 2-3 3-4 6-7 7-8 8-9,3447,S,1,6,1 1 1 2 1 1 1 2 1 2 1 1,6 6 6 6 6 6 6 6 5 6 6 6,1198
163,12,1-0 1-2 1-5 0-6 2-3 3-4 6-7 7-8 7-9 7-10 7-11,0,U,4,8,4 4 4 4 4 4 4 5 4 4 4 4,7 8 7 6 8 7 7 6 7 7 7 7,567
164,12,1-0 1-2 1-5 0-6 2-3 3-4 6-7 6-11 7-8 7-9 7-10,0,U,2,8,2 2 2 2 2 2 2 3 2 2 2 3,7 8 7 5 8 7 7 6 6 6 6 6,1059
165,12,1-0 1-2 1-5 0-6 0-11 2-3 3-4 6-7 7-8 7-9 7-10,0,U,2,7,2 3 2 2 4 2 2 3 2 2 2 3,7 7 7 6 7 7 7 6 7 7 7 7,811
166,12,1-0 1-2 1-5 0-6 2-3 3-4 6-7 6-10 7-8 7-9 10-11,877,S,1,6,1 2 1 1 2 1 1 2 1 1 2 3,6 6 6 5 6 6 6 6 6 6 6 6,1127
167,12,1-0 1-2 1-5 0-6 2-3 3-4 6-7 6-10 6-11 7-8 7-9,869,S,1,8,1 2 1 2 2 1 1 2 1 1 2 2,7 8 7 5 8 7 7 6 6 6 6 6,1160
168,12,1-0 1-2 1-5 0-6 0-11 2-3 3-4 6-7 6-10 7-8 7-9,4079,S,1,7,1 1 1 1 2 1 1 1 1 1 1 1,6 6 7 6 6 7 7 6 6 6 6 7,1401
169,12,1-0 1-2 1-5 0-6 0-10 2-3 3-4 6-7 7-8 7-9 10-11,877,S,1,7,1 2 1 1 2 1 1 2 1 1 2 3,6 7 6 6 7 6 6 6 6 6 6 6,1174
170,12,1-0 1-2 1-5 0-6 0-10 0-11 2-3 3-4 6-7 7-8 7-9,4034,S,1,7,2 1 2 2 3 2 1 1 1 1 1 1,7 7 7 6 7 7 7 6 7 7 7 7,1037
171,12,1-0 1-2 1-5 0-6 2-3 3-4 6-7 6-9 6-11 7-8 9-10,2815,S,1,6,1 1 1 1 1 1 1 1 2 1 2 1,6 6 6 5 6 6 6 6 6 6 6 6,1256
172,12,1-0 1-2 1-5 0-6 0-11 2-3 3-4 6-7 6-9 7-8 9-10,4079,S,1,6,1 1 1 1 2 1 1 1 1 1 1 1,6 6 6 5 6 6 6 6 6 6 6 6,1439
173,12,1-0 1-2 1-5 0-6 2-3 3-4 6-7 6-9 6-10 6-11 7-8,0,U,2,8,2 3 2 3 4 3 3 2 3 2 2 2,7 8 7 5 8 7 7 6 6 6 6 6,741
174,12,1-0 1-2 1-5 0-6 0-11 2-3 3-4 6-7 6-9 6-10 7-8,4087,S,1,7,1 1 1 2 1 1 1 1 1 1 1 1,6 6 7 6 6 7 7 6 6 6 6 7,1427
175,12,1-0 1-2 1-5 0-6 0-10 2-3 3-4 6-7 6-9 7-8 10-11,4087,S,1,6,1 1 1 2 1 1 1 1 1 1 1 1,6 6 6 6 6 6 6 6 5 6 6 6,1338
176,12,1-0 1-2 1-5 0-6 0-10 0-11 2-3 3-4 6-7 6-9 7-8,4095,F,1,7,1 1 1 1 1 1 1 1 1 1 1 1,6 6 7 6 6 7 7 6 6 6 7 7,1623
177,12,1-0 1-2 1-5 0-6 0-9 2-3 3-4 6-7 7-8 9-10 10-11,1730,S,1,6,2 1 2 2 2 2 1 1 2 1 1 2,6 6 6 5 6 6 6 5 6 6 5 6,1107
178,12,1-0 1-2 1-5 0-6 0-9 2-3 3-4 6-7 7-8 9-10 9-11,3831,S,1,7,1 1 1 2 1 1 1 1 2 1 1 1,6 7 6 6 7 6 6 6 6 6 6 6,1151
179,12,1-0 1-2 1-5 0-6 0-9 0-11 2-3 3-4 6-7 7-8 9-10,3839,S,1,7,1 1 1 1 1 1 1 1 2 1 1 1,6 7 6 6 7 6 6 5 6 6 6 6,1475
180,12,1-0 1-2 1-5 0-6 0-9 0-10 0-11 2-3 3-4 6-7 7-8,365,S,1,7,1 2 1 1 2 1 1 2 1 2 2 2,7 7 7 6 7 7 7 6 7 7 7 7,1216
181,12,1-0 1-2 0-5 0-9 2-3 3-4 5-6 6-7 7-8 9-10 10-11,511,S,1,6,1 1 1 1 1 1 1 1 1 2 2 2,5 6 6 5 6 6 6 5 6 6 4 5,799
182,12,1-0 1-2 0-5 0-9 2-3 3-4 5-6 6-7 7-8 9-10 9-11,0,U,2,5,2 2 2 2 2 2 2 2 2 3 2 2,5 5 5 5 5 5 5 5 5 5 5 5,786
183,12,1-0 1-2 0-5 0-9 0-11 2-3 3-4 5-6 6-7 7-8 9-10,205,S,1,6,1 2 1 1 2 2 1 1 2 2 2 2,5 6 6 5 6 6 6 5 6 6 5 6,1104
184,12,1-0 1-2 0-5 0-9 0-10 0-11 2-3 3-4 5-6 6-7 7-8,3823,S,1,7,1 1 1 1 2 1 1 1 2 1 1 1,6 6 7 6 5 6 7 6 5 6 6 6,969
185,12,1-0 1-2 0-5 2-3 3-4 5-6 6-7 6-8 6-9 6-10 6-11,0,U,4,8,4 5 7 4 8 4 5 4 4 4 4 4,8 8 7 6 8 7 5 8 8 8 8 8,326
186,12,1-0 1-2 0-5 2-3 3-4 5-6 5-11 6-7 6-8 6-9 6-10,0,U,2,8,2 3 4 2 4 2 3 2 2 2 2 3,7 8 7 5 8 7 7 6 6 6 6 6,743
187,12,1-0 1-2 0-5 0-11 2-3 3-4 5-6 6-7 6-8 6-9 6-10,0,U,2,8,4 3 5 4 5 2 3 2 2 2 2 3,8 7 7 6 7 7 6 8 8 8 8 7,450
188,12,1-0 1-2 0-5 2-3 3-4 5-6 5-10 6-7 6-8 6-9 10-11,928,S,1,6,2 2 4 2 4 1 2 1 1 1 2 3,6 6 6 5 6 6 6 6 6 6 6 6,804
189,12,1-0 1-2 0-5 2-3 3-4 5-6 5-10 5-11 6-7 6-8 6-9,3147,S,1,8,1 1 2 1 2 2 1 2 2 2 1 1,7 8 7 5 8 7 7 6 6 6 7 7,1068
190,12,1-0 1-2 0-5 0-11 2-3 3-4 5-6 5-10 6-7 6-8 6-9,4075,S,1,7,1 1 3 1 3 1 1 1 1 1 1 1,7 7 7 6 6 7 7 6 6 6 6 7,1046
191,12,1-0 1-2 0-5 0-10 2-3 3-4 5-6 6-7 6-8 6-9 10-11,937,S,1,7,1 2 3 1 3 1 2 1 1 1 2 3,6 7 7 6 7 7 6 6 6 6 7 7,810
192,12,1-0 1-2 0-5 0-10 0-11 2-3 3-4 5-6 6-7 6-8 6-9,0,U,2,8,3 3 4 3 5 2 3 2 2 2 3 3,8 7 7 6 7 7 5 8 8 8 7 7,552
193,12,1-0 1-2 0-5 2-3 3-4 5-6 5-9 6-7 6-8 9-10 9-11,3488,S,1,6,2 2 4 2 4 1 2 1 1 2 1 1,6 6 6 5 5 6 6 6 6 6 6 6,832
194,12,1-0 1-2 0-5 2-3 3-4 5-6 5-9 5-11 6-7 6-8 9-10,4075,S,1,6,1 1 2 1 2 1 1 1 1 1 1 1,6 6 6 5 6 6 6 6 6 6 6 6,1186
195,12,1-0 1-2 0-5 0-11 2-3 3-4 5-6 5-9 6-7 6-8 9-10,4075,S,1,6,1 1 3 1 3 1 1 1 1 1 1 1,6 6 6 5 6 6 6 6 6 6 6 6,1081
196,12,1-0 1-2 0-5 2-3 3-4 5-6 5-9 5-10 5-11 6-7 6-8,0,U,2,8,2 2 2 2 2 2 2 2 2 2 2 2,7 8 7 5 8 7 7 6 6 7 7 7,1033
197,12,1-0 1-2 0-5 0-11 2-3 3-4 5-6 5-9 5-10 6-7 6-8,4095,F,1,7,1 1 1 1 1 1 1 1 1 1 1 1,7 7 7 6 6 7 7 6 6 7 7 7,1435
198,12,1-0 1-2 0-5 0-10 2-3 3-4 5-6 5-9 6-7 6-8 10-11,4095,F,1,6,1 1 1 1 1 1 1 1 1 1 1 1,6 6 6 6 6 6 6 6 6 6 6 6,1305
199,12,1-0 1-2 0-5 0-10 0-11 2-3 3-4 5-6 5-9 6-7 6-8,4079,S,1,7,1 1 1 1 3 1 1 1 1 1 1 1,7 7 7 6 6 7 7 6 6 6 7 7,1232
200,12,1-0 1-2 0-5 0-9 2-3 3-4 5-6 6-7 6-8 9-10 10-11,0,U,2,6,2 2 3 2 3 2 2 2 2 2 2 2,6 6 6 5 6 6 6 6 6 6 6 6,750
201,12,1-0 1-2 0-5 0-9 2-3 3-4 5-6 6-7 6-8 9-10 9-11,3081,S,1,7,1 2 2 1 2 2 2 2 2 2 1 1,6 7 7 6 7 7 6 6 6 7 7 7,1013
202,12,1-0 1-2 0-5 0-9 0-11 2-3 3-4 5-6 6-7 6-8 9-10,4070,S,1,7,2 1 1 2 3 1 1 1 1 1 1 1,6 7 7 6 7 7 6 6 6 7 7 7,1044
203,12,1-0 1-2 0-5 0-9 0-10 0-11 2-3 3-4 5-6 6-7 6-8,0,U,2,8,3 2 3 3 5 2 3 2 2 2 2 2,8 7 7 6 7 7 5 8 8 7 7 7,638
204,12,1-0 1-2 0-5 2-3 3-4 5-6 5-8 5-10 6-7 8-9 10-11,4043,S,1,6,1 1 2 1 2 2 1 1 1 1 1 1,5 6 5 4 6 5 5 5 5 5 5 5,1198
205,12,1-0 1-2 0-5 2-3 3-4 5-6 5-8 5-10 5-11 6-7 8-9,3437,S,1,6,1 2 1 1 2 1 1 2 1 2 1 1,6 6 6 5 6 6 6 6 6 6 6 6,1141
206,12,1-0 1-2 0-5 0-11 2-3 3-4 5-6 5-8 5-10 6-7 8-9,4095,F,1,6,1 1 1 1 1 1 1 1 1 1 1 1,6 6 6 5 6 6 6 6 6 6 6 6,1502
207,12,1-0 1-2 0-5 0-10 2-3 3-4 5-6 5-8 6-7 8-9 10-11,4095,F,1,6,1 1 1 1 1 1 1 1 1 1 1 1,6 6 5 5 6 5 6 6 6 6 5 5,1330
208,12,1-0 1-2 0-5 0-10 0-11 2-3 3-4 5-6 5-8 6-7 8-9,4079,S,1,6,1 1 1 1 3 1 1 1 1 1 1 1,6 6 6 5 6 6 6 6 6 6 6 6,1242
209,12,1-0 1-2 0-5 2-3 3-4 5-6 5-8 5-9 5-10 5-11 6-7,0,U,3,8,3 3 4 4 4 4 3 3 3 3 3 3,7 8 7 5 8 7 7 6 7 7 7 7,618
210,12,1-0 1-2 0-5 0-11 2-3 3-4 5-6 5-8 5-9 5-10 6-7,1861,S,1,7,1 2 1 2 2 2 1 2 1 1 1 2,7 7 7 6 6 7 7 6 7 7 7 7,1280
211,12,1-0 1-2 0-5 0-10 2-3 3-4 5-6 5-8 5-9 6-7 10-11,837,S,1,6,1 2 1 2 2 2 1 2 1 1 2 2,6 6 6 6 6 6 6 6 6 6 6 6,1253
212,12,1-0 1-2 0-5 0-10 0-11 2-3 3-4 5-6 5-8 5-9 6-7,4095,F,1,7,1 1 1 1 1 1 1 1 1 1 1 1,7 7 7 6 6 7 7 6 7 7 7 7,1572
213,12,1-0 1-2 0-5 0-9 2-3 3-4 5-6 5-8 6-7 9-10 10-11,4079,S,1,6,1 1 1 1 2 1 1 1 1 1 1 1,6 5 6 5 5 6 5 6 6 6 5 6,1181
214,12,1-0 1-2 0-5 0-9 2-3 3-4 5-6 5-8 6-7 9-10 9-11,3077,S,1,6,1 2 1 2 2 2 2 2 2 2 1 1,6 6 6 6 6 6 6 6 6 6 6 6,1153
215,12,1-0 1-2 0-5 0-9 0-11 2-3 3-4 5-6 5-8 6-7 9-10,4095,F,1,6,1 1 1 1 1 1 1 1 1 1 1 1,6 6 6 6 6 6 6 6 6 6 6 6,1539
216,12,1-0 1-2 0-5 0-9 0-10 0-11 2-3 3-4 5-6 5-8 6-7,4079,S,1,7,1 1 1 1 3 1 1 1 1 1 1 1,7 7 7 6 6 7 7 6 6 7 7 7,1337
217,12,1-0 1-2 0-5 0-8 0-11 2-3 3-4 5-6 6-7 8-9 9-10,2914,S,1,6,2 1 2 2 3 1 1 2 1 1 2 1,6 6 6 5 6 6 6 6 6 6 6 6,938
218,12,1-0 1-2 0-5 0-8 2-3 3-4 5-6 6-7 8-9 8-10 8-11,0,U,2,7,2 2 2 2 2 2 2 3 2 2 2 2,6 7 7 6 7 7 6 6 7 7 7 7,942
219,12,1-0 1-2 0-5 0-8 0-11 2-3 3-4 5-6 6-7 8-9 8-10,3951,S,1,7,1 1 1 1 2 1 1 2 1 1 1 1,6 7 7 6 7 7 5 6 7 7 7 7,1294
220,12,1-0 1-2 0-5 0-8 0-10 2-3 3-4 5-6 6-7 8-9 10-11,3967,S,1,6,1 1 1 1 1 1 1 2 1 1 1 1,6 5 6 5 5 5 5 6 5 5 5 5,1333
221,12,1-0 1-2 0-5 0-8 0-10 0-11 2-3 3-4 5-6 6-7 8-9,3563,S,1,7,1 1 2 1 2 1 1 1 1 2 1 1,6 7 7 6 7 7 6 6 7 7 7 7,1229
222,12,1-0 1-2 0-5 0-8 0-9 0-10 0-11 2-3 3-4 5-6 6-7,0,U,2,8,3 2 3 3 5 2 3 3 2 2 2 2,8 7 7 6 7 7 6 8 7 7 7 7,691
223,12,1-0 1-2 0-9 2-3 2-4 2-5 2-6 2-7 2-8 9-10 10-11,0,U,5,8,8 5 6 5 5 5 5 5 5 6 7 8,8 7 7 8 8 8 8 8 8 8 7 8,204
224,12,1-0 1-2 1-8 0-9 2-3 2-4 2-5 2-6 2-7 9-10 10-11,0,U,3,8,4 3 4 3 3 3 3 3 4 4 5 5,7 7 7 7 7 7 7 7 7 8 7 6,599
225,12,1-0 1-2 0-8 2-3 2-4 2-5 2-6 2-7 8-9 9-10 9-11,0,U,5,8,8 5 6 5 5 5 5 5 6 6 6 6,8 7 7 8 8 8 8 8 7 7 8 8,172
226,12,1-0 1-2 0-8 2-3 2-4 2-5 2-6 2-7 8-9 8-11 9-10,0,U,4,8,5 4 5 4 4 4 4 4 4 5 5 5,7 7 6 7 7 7 7 7 8 7 6 7,510
227,12,1-0 1-2 0-8 0-11 2-3 2-4 2-5 2-6 2-7 8-9 9-10,0,U,5,8,6 5 6 5 5 5 5 5 6 7 6 6,8 7 7 8 8 8 8 8 7 7 8 7,224
228,12,1-0 1-2 1-7 0-9 2-3 2-4 2-5 2-6 7-8 9-10 10-11,0,U,3,7,4 3 4 3 3 3 3 4 4 4 5 5,7 6 7 7 7 7 7 7 6 7 6 7,625
229,12,1-0 1-2 1-7 1-8 0-9 2-3 2-4 2-5 2-6 9-10 10-11,0,U,2,8,2 2 2 2 2 2 2 2 2 2 3 3,7 7 7 7 7 7 7 7 7 8 7 6,1121
230,12,1-0 1-2 1-7 0-8 2-3 2-4 2-5 2-6 8-9 9-10 9-11,0,U,3,7,4 3 4 3 3 3 3 4 4 5 4 4,7 7 7 7 7 7 7 7 7 6 7 7,597
231,12,1-0 1-2 1-7 0-8 2-3 2-4 2-5 2-6 8-9 8-11 9-10,0,U,2,8,3 2 3 2 2 2 2 3 2 2 3 2,7 7 7 7 7 7 7 6 8 7 6 7,1157
232,12,1-0 1-2 1-7 0-8 0-11 2-3 2-4 2-5 2-6 8-9 9-10,0,U,3,7,4 3 4 3 3 3 3 4 3 4 5 4,7 7 7 7 7 7 7 7 7 7 7 7,754
233,12,1-0 1-2 0-7 2-3 2-4 2-5 2-6 7-8 8-9 8-10 8-11,0,U,5,8,8 5 6 5 5 5 5 5 6 5 5 5,8 7 7 8 8 8 8 7 7 8 8 8,156
234,12,1-0 1-2 0-7 2-3 2-4 2-5 2-6 7-8 7-11 8-9 8-10,0,U,4,7,5 4 5 4 4 4 4 4 5 4 4 5,7 7 6 7 7 7 7 7 7 7 7 7,558
235,12,1-0 1-2 0-7 0-11 2-3 2-4 2-5 2-6 7-8 8-9 8-10,0,U,5,8,6 5 6 5 5 5 5 6 6 6 6 6,8 7 7 8 8 8 8 7 7 8 8 7,200
236,12,1-0 1-2 0-7 2-3 2-4 2-5 2-6 7-8 7-10 8-9 10-11,0,U,4,7,5 4 5 4 4 4 4 4 5 5 5 5,7 7 6 7 7 7 7 6 7 7 7 7,557
237,12,1-0 1-2 0-7 2-3 2-4 2-5 2-6 7-8 7-10 7-11 8-9,122,S,1,8,3 1 2 1 1 1 1 2 3 3 3 3,7 7 6 7 7 7 7 8 7 5 7 7,890
238,12,1-0 1-2 0-7 0-11 2-3 2-4 2-5 2-6 7-8 7-10 8-9,0,U,3,7,5 3 4 3 3 3 3 4 4 5 4 4,7 7 7 7 7 7 7 7 7 7 7 7,634
239,12,1-0 1-2 0-7 0-10 2-3 2-4 2-5 2-6 7-8 8-9 10-11,0,U,2,7,5 2 3 2 2 2 2 3 4 5 3 4,7 7 7 7 7 7 7 7 7 7 7 7,583
240,12,1-0 1-2 0-7 0-10 0-11 2-3 2-4 2-5 2-6 7-8 8-9,0,U,5,8,6 5 6 5 5 5 5 5 6 6 5 5,8 7 7 8 8 8 8 7 7 8 7 7,253
241,12,1-0 1-2 0-7 2-3 2-4 2-5 2-6 7-8 7-9 7-10 7-11,0,U,5,9,5 5 6 5 5 5 5 6 5 5 5 5,9 9 6 9 9 9 9 6 9 9 9 9,533
242,12,1-0 1-2 1-6 0-9 2-3 2-4 2-5 6-7 6-8 9-10 10-11,0,U,3,6,4 3 4 3 3 3 4 3 3 4 5 5,6 6 6 6 6 6 6 6 6 6 6 6,639
243,12,1-0 1-2 1-6 1-8 0-9 2-3 2-4 2-5 6-7 9-10 10-11,0,U,2,7,2 2 2 2 2 2 2 2 2 2 3 3,7 6 7 7 7 7 7 6 7 7 6 7,1216
244,12,1-0 1-2 1-6 0-8 2-3 2-4 2-5 6-7 8-9 9-10 9-11,0,U,3,7,4 3 4 3 3 3 4 4 4 5 4 4,7 6 7 7 7 7 7 6 7 6 7 7,612
245,12,1-0 1-2 1-6 0-8 2-3 2-4 2-5 6-7 8-9 8-11 9-10,0,U,2,7,3 2 3 2 2 2 3 3 2 2 3 2,7 6 7 7 7 7 7 6 7 6 6 6,1222
246,12,1-0 1-2 1-6 0-8 0-11 2-3 2-4 2-5 6-7 8-9 9-10,0,U,3,7,4 3 4 3 3 3 4 4 3 4 5 4,7 6 6 6 6 6 6 6 6 6 7 6,769
247,12,1-0 1-2 1-6 1-7 1-8 0-9 2-3 2-4 2-5 9-10 10-11,3643,S,1,8,1 1 2 1 1 1 2 2 2 1 1 1,7 7 7 7 7 7 7 7 7 8 7 6,1476
248,12,1-0 1-2 1-6 1-7 0-8 2-3 2-4 2-5 8-9 9-10 9-11,0,U,2,7,3 2 3 2 2 2 3 3 2 2 2 2,7 7 7 7 7 7 7 7 7 6 7 7,1180
249,12,1-0 1-2 1-6 1-7 0-8 2-3 2-4 2-5 8-9 8-11 9-10,3071,S,1,8,1 1 1 1 1 1 1 1 1 1 2 1,7 7 7 7 7 7 7 7 8 7 6 7,1592
250,12,1-0 1-2 1-6 1-7 0-8 0-11 2-3 2-4 2-5 8-9 9-10,314,S,1,7,2 1 2 1 1 1 2 2 1 2 2 2,7 7 7 7 7 7 7 7 7 7 7 7,1387
251,12,1-0 1-2 1-6 0-7 2-3 2-4 2-5 7-8 8-9 8-10 8-11,0,U,4,7,4 4 4 4 4 4 4 4 5 4 4 4,7 7 7 7 7 7 7 7 6 7 7 7,580
252,12,1-0 1-2 1-6 0-7 2-3 2-4 2-5 7-8 7-11 8-9 8-10,1722,S,1,7,3 1 2 1 1 1 2 1 2 1 1 2,7 7 7 7 7 7 6 7 7 7 7 6,1258
253,12,1-0 1-2 1-6 0-7 0-11 2-3 2-4 2-5 7-8 8-9 8-10,0,U,3,7,4 3 4 3 3 3 4 3 4 3 3 4,7 7 7 7 7 7 7 7 7 7 7 7,722
254,12,1-0 1-2 1-6 0-7 2-3 2-4 2-5 7-8 7-10 8-9 10-11,186,S,1,7,3 1 2 1 1 1 2 1 2 3 2 3,7 7 6 6 6 6 6 6 7 7 7 7,1270
255,12,1-0 1-2 1-6 0-7 2-3 2-4 2-5 7-8 7-10 7-11 8-9,4095,F,1,8,1 1 1 1 1 1 1 1 1 1 1 1,7 7 7 7 7 7 6 8 7 6 7 7,1465
256,12,1-0 1-2 1-6 0-7 0-11 2-3 2-4 2-5 7-8 7-10 8-9,186,S,1,7,2 1 2 1 1 1 2 1 2 2 2 2,7 7 7 7 7 7 7 7 7 7 7 7,1405
257,12,1-0 1-2 1-6 0-7 0-10 2-3 2-4 2-5 7-8 8-9 10-11,186,S,1,7,2 1 2 1 1 1 2 1 2 2 2 2,7 7 7 7 7 7 7 7 7 6 7 6,1281
258,12,1-0 1-2 1-6 0-7 0-10 0-11 2-3 2-4 2-5 7-8 8-9,0,U,3,7,4 3 4 3 3 3 4 3 4 4 3 3,7 7 7 7 7 7 7 7 7 7 7 7,851
259,12,1-0 1-2 1-6 0-7 2-3 2-4 2-5 7-8 7-9 7-10 7-11,0,U,3,9,3 3 4 3 3 3 4 4 3 3 3 3,8 9 8 8 8 8 8 7 9 9 9 9,817
260,12,1-0 1-2 1-6 0-7 0-11 2-3 2-4 2-5 7-8 7-9 7-10,1851,S,1,8,1 1 2 1 1 1 2 2 1 1 1 2,8 8 8 7 7 7 7 8 7 7 7 7,1435
261,12,1-0 1-2 0-6 0-11 2-3 2-4 2-5 6-7 7-8 7-9 7-10,0,U,5,8,6 5 6 5 5 5 5 6 5 5 5 6,8 7 7 8 8 8 7 7 8 8 8 7,192
262,12,1-0 1-2 0-6 2-3 2-4 2-5 6-7 6-10 7-8 7-9 10-11,0,U,4,7,4 4 5 4 4 4 4 4 4 4 4 4,7 7 6 7 7 7 6 7 7 7 7 6,587
263,12,1-0 1-2 0-6 2-3 2-4 2-5 6-7 6-10 6-11 7-8 7-9,58,S,1,7,3 1 2 1 1 1 2 3 2 2 3 3,7 7 6 7 7 7 7 7 7 7 7 7,1104
264,12,1-0 1-2 0-6 0-11 2-3 2-4 2-5 6-7 6-10 7-8 7-9,0,U,3,7,4 3 4 3 3 3 3 4 3 3 4 4,7 7 7 7 7 7 7 7 7 7 7 7,682
265,12,1-0 1-2 0-6 0-10 2-3 2-4 2-5 6-7 7-8 7-9 10-11,0,U,3,7,5 3 3 3 3 3 3 4 3 3 3 4,7 7 7 7 7 7 7 7 7 7 7 7,553
266,12,1-0 1-2 0-6 0-10 0-11 2-3 2-4 2-5 6-7 7-8 7-9,0,U,5,8,6 5 6 5 5 5 5 6 5 5 5 5,8 7 7 8 8 8 7 7 8 8 7 7,238
267,12,1-0 1-2 0-6 2-3 2-4 2-5 6-7 6-9 6-11 7-8 9-10,58,S,1,7,3 1 2 1 1 1 2 3 3 3 3 3,7 7 6 7 7 7 6 7 7 7 7 7,1128
268,12,1-0 1-2 0-6 0-11 2-3 2-4 2-5 6-7 6-9 7-8 9-10,0,U,3,7,4 3 4 3 3 3 3 4 4 4 4 4,7 6 6 7 7 7 6 6 6 6 6 6,677
269,12,1-0 1-2 0-6 2-3 2-4 2-5 6-7 6-9 6-10 6-11 7-8,3771,S,1,8,1 1 2 1 1 1 2 1 3 1 1 1,7 7 6 7 7 7 8 7 5 7 7 7,1099
270,12,1-0 1-2 0-6 0-11 2-3 2-4 2-5 6-7 6-9 6-10 7-8,58,S,1,7,2 1 2 1 1 1 2 3 3 3 3 2,7 7 7 7 7 7 7 7 7 7 7 7,1165
271,12,1-0 1-2 0-6 0-10 2-3 2-4 2-5 6-7 6-9 7-8 10-11,122,S,1,7,2 1 2 1 1 1 1 2 2 2 2 3,7 7 7 6 6 6 7 7 7 7 7 6,1167
272,12,1-0 1-2 0-6 0-10 0-11 2-3 2-4 2-5 6-7 6-9 7-8,0,U,3,7,4 3 4 3 3 3 3 4 4 4 4 4,7 7 6 7 7 7 7 7 7 7 7 7,744
273,12,1-0 1-2 0-6 0-9 2-3 2-4 2-5 6-7 7-8 9-10 10-11,0,U,3,6,5 3 3 3 3 3 3 4 5 3 4 5,6 6 6 6 6 6 6 6 6 6 6 6,510
274,12,1-0 1-2 0-6 0-9 2-3 2-4 2-5 6-7 7-8 9-10 9-11,0,U,2,7,2 2 3 2 2 2 3 3 3 3 2 2,7 7 7 7 7 7 7 7 7 7 7 7,938
275,12,1-0 1-2 0-6 0-9 0-11 2-3 2-4 2-5 6-7 7-8 9-10,0,U,3,7,3 3 3 3 3 3 3 4 4 3 4 3,7 7 7 7 7 7 7 7 7 7 7 7,711
276,12,1-0 1-2 0-6 0-9 0-10 0-11 2-3 2-4 2-5 6-7 7-8,0,U,5,8,6 5 6 5 5 5 5 6 6 5 5 5,8 7 7 8 8 8 7 7 8 7 7 7,280
277,12,1-0 1-2 0-6 2-3 2-4 2-5 6-7 6-8 6-9 6-10 6-11,0,U,5,9,5 5 6 5 5 5 6 5 5 5 5 5,9 9 6 9 9 9 6 9 9 9 9 9,502
278,12,1-0 1-2 0-6 0-11 2-3 2-4 2-5 6-7 6-8 6-9 6-10,0,U,3,9,3 3 4 3 3 3 4 3 3 3 3 4,9 8 7 9 9 9 8 8 8 8 8 8,960
279,12,1-0 1-2 0-6 0-10 2-3 2-4 2-5 6-7 6-8 6-9 10-11,0,U,2,8,2 2 3 2 2 2 3 2 2 2 3 4,7 8 7 7 7 7 8 8 8 8 8 8,1116
280,12,1-0 1-2 0-6 0-10 0-11 2-3 2-4 2-5 6-7 6-8 6-9,58,S,1,9,3 1 2 1 1 1 2 3 3 3 2 2,9 8 6 9 9 9 8 8 8 8 8 8,1086
281,12,1-0 1-2 0-6 0-9 2-3 2-4 2-5 6-7 6-8 9-10 9-11,0,U,2,8,2 2 3 2 2 2 3 2 2 3 2 2,7 8 7 6 6 6 8 8 8 8 8 8,1169
282,12,1-0 1-2 0-6 0-9 0-11 2-3 2-4 2-5 6-7 6-8 9-10,2686,S,1,8,2 1 1 1 1 1 1 2 2 1 2 1,7 8 7 7 7 7 8 8 8 8 8 8,1296
283,12,1-0 1-2 0-6 0-9 0-10 0-11 2-3 2-4 2-5 6-7 6-8,0,U,3,9,4 3 4 3 3 3 3 4 4 3 3 3,9 8 6 9 9 9 8 8 8 8 8 8,804
284,12,1-0 1-2 0-6 0-8 0-10 2-3 2-4 2-5 6-7 8-9 10-11,4094,S,1,7,2 1 1 1 1 1 1 1 1 1 1 1,7 6 6 7 7 7 6 6 6 6 6 6,1356
285,12,1-0 1-2 0-6 0-8 0-10 0-11 2-3 2-4 2-5 6-7 8-9,0,U,2,8,3 2 3 2 2 2 2 3 2 3 2 2,7 8 7 7 7 7 8 8 8 8 8 8,944
286,12,1-0 1-2 0-6 0-8 0-9 0-10 0-11 2-3 2-4 2-5 6-7,0,U,5,9,6 5 6 5 5 5 5 6 5 5 5 5,9 8 7 9 9 9 8 8 8 8 8 8,336
287,12,1-0 1-2 1-5 1-8 0-9 2-3 2-4 5-6 5-7 9-10 10-11,0,U,2,6,2 2 2 2 2 2 2 2 2 2 3 3,6 6 6 6 6 6 6 6 6 6 6 6,1249
288,12,1-0 1-2 1-5 0-8 2-3 2-4 5-6 5-7 8-9 9-10 9-11,0,U,3,6,4 3 4 3 3 4 3 3 4 5 4 4,6 6 6 6 6 6 6 6 6 6 6 6,619
289,12,1-0 1-2 1-5 0-8 2-3 2-4 5-6 5-7 8-9 8-11 9-10,0,U,2,6,3 2 3 2 2 3 2 2 2 2 3 2,6 6 6 6 6 6 6 6 6 6 6 6,1241
290,12,1-0 1-2 1-5 0-8 0-11 2-3 2-4 5-6 5-7 8-9 9-10,0,U,3,6,4 3 4 3 3 4 3 3 3 4 5 4,6 6 6 6 6 6 6 6 6 6 6 6,774
291,12,1-0 1-2 1-5 1-7 0-9 2-3 2-4 5-6 7-8 9-10 10-11,0,U,2,6,2 2 2 2 2 2 2 2 2 2 3 3,5 6 5 5 5 5 5 5 5 6 5 5,1263
292,12,1-0 1-2 1-5 1-7 1-8 0-9 2-3 2-4 5-6 9-10 10-11,4031,S,1,7,1 1 1 1 1 1 2 1 1 1 1 1,7 6 7 7 7 7 6 7 7 7 6 7,1629
293,12,1-0 1-2 1-5 1-7 0-8 2-3 2-4 5-6 8-9 9-10 9-11,0,U,2,7,3 2 3 2 2 3 3 3 2 2 2 2,7 6 7 7 7 7 6 7 7 6 7 7,1230
294,12,1-0 1-2 1-5 1-7 0-8 2-3 2-4 5-6 8-9 8-11 9-10,4095,F,1,7,1 1 1 1 1 1 1 1 1 1 1 1,7 6 7 7 7 7 6 7 7 6 6 6,1721
295,12,1-0 1-2 1-5 1-7 0-8 0-11 2-3 2-4 5-6 8-9 9-10,282,S,1,7,2 1 2 1 1 2 2 2 1 2 2 2,7 6 6 6 6 6 6 6 6 6 7 6,1451
296,12,1-0 1-2 1-5 0-7 2-3 2-4 5-6 7-8 7-11 8-9 8-10,1690,S,1,7,3 1 2 1 1 2 3 1 2 1 1 2,7 6 7 7 7 7 6 7 6 6 6 6,1293
297,12,1-0 1-2 1-5 0-7 0-11 2-3 2-4 5-6 7-8 8-9 8-10,0,U,3,7,4 3 4 3 3 4 4 3 4 3 3 4,7 6 6 6 6 6 6 6 6 7 7 6,727
298,12,1-0 1-2 1-5 0-7 2-3 2-4 5-6 7-8 7-10 8-9 10-11,154,S,1,6,3 1 2 1 1 2 3 1 2 3 2 3,6 5 6 6 6 6 6 5 6 6 6 6,1303
299,12,1-0 1-2 1-5 0-7 2-3 2-4 5-6 7-8 7-10 7-11 8-9,4095,F,1,7,1 1 1 1 1 1 1 1 1 1 1 1,7 6 7 7 7 7 6 7 6 6 6 6,1566
300,12,1-0 1-2 1-5 0-7 0-11 2-3 2-4 5-6 7-8 7-10 8-9,154,S,1,6,2 1 2 1 1 2 2 1 2 2 2 2,6 6 6 6 6 6 6 6 6 6 6 6,1447
301,12,1-0 1-2 1-5 0-7 0-10 2-3 2-4 5-6 7-8 8-9 10-11,154,S,1,6,2 1 2 1 1 2 2 1 2 2 2 2,6 6 6 6 6 6 6 6 5 6 6 6,1315
302,12,1-0 1-2 1-5 0-7 0-10 0-11 2-3 2-4 5-6 7-8 8-9,0,U,3,7,4 3 4 3 3 4 4 3 4 4 3 3,7 6 6 6 6 6 6 6 6 7 6 6,858
303,12,1-0 1-2 1-5 0-7 2-3 2-4 5-6 7-8 7-9 7-10 7-11,0,U,2,8,2 2 3 2 2 3 4 3 2 2 2 2,8 7 8 8 8 8 8 7 7 7 7 7,984
304,12,1-0 1-2 1-5 0-7 0-11 2-3 2-4 5-6 7-8 7-9 7-10,4031,S,1,7,1 1 1 1 1 1 2 1 1 1 1 1,7 7 7 7 7 7 7 7 7 7 7 7,1539
305,12,1-0 1-2 1-5 0-7 0-10 2-3 2-4 5-6 7-8 7-9 10-11,4095,F,1,7,1 1 1 1 1 1 1 1 1 1 1 1,7 7 7 7 7 7 7 7 7 7 7 7,1651
306,12,1-0 1-2 1-5 1-6 1-7 1-8 0-9 2-3 2-4 9-10 10-11,2047,S,1,8,1 1 1 1 1 1 1 1 1 1 1 3,7 7 7 7 7 7 7 7 7 8 7 6,1391
307,12,1-0 1-2 1-5 1-6 1-7 0-8 2-3 2-4 8-9 9-10 9-11,4095,F,1,7,1 1 1 1 1 1 1 1 1 1 1 1,7 7 7 7 7 7 7 7 7 6 7 7,1447
308,12,1-0 1-2 1-5 1-6 1-7 0-8 2-3 2-4 8-9 8-11 9-10,4095,F,1,8,1 1 1 1 1 1 1 1 1 1 1 1,7 7 7 7 7 7 7 7 8 7 6 7,1528
309,12,1-0 1-2 1-5 1-6 1-7 0-8 0-11 2-3 2-4 8-9 9-10,4095,F,1,7,1 1 1 1 1 1 1 1 1 1 1 1,7 7 7 7 7 7 7 7 7 7 7 7,1726
310,12,1-0 1-2 1-5 1-6 0-7 2-3 2-4 7-8 7-11 8-9 8-10,4095,F,1,7,1 1 1 1 1 1 1 1 1 1 1 1,7 7 7 7 7 7 7 7 7 7 7 6,1648
311,12,1-0 1-2 1-5 1-6 0-7 0-11 2-3 2-4 7-8 8-9 8-10,0,U,2,7,2 2 2 2 2 2 2 2 2 2 2 2,7 7 7 7 7 7 7 7 7 7 7 7,1348
312,12,1-0 1-2 1-5 1-6 0-7 2-3 2-4 7-8 7-10 8-9 10-11,4095,F,1,7,1 1 1 1 1 1 1 1 1 1 1 1,7 7 6 6 6 6 6 6 7 7 7 7,1694
313,12,1-0 1-2 1-5 1-6 0-7 2-3 2-4 7-8 7-10 7-11 8-9,3583,S,1,8,1 1 1 1 1 1 1 1 1 2 1 1,7 7 7 7 7 7 7 8 7 5 7 7,1504
314,12,1-0 1-2 1-5 1-6 0-7 0-11 2-3 2-4 7-8 7-10 8-9,4095,F,1,7,1 1 1 1 1 1 1 1 1 1 1 1,7 7 7 7 7 7 7 7 7 7 7 7,1869
315,12,1-0 1-2 1-5 1-6 0-7 0-10 2-3 2-4 7-8 8-9 10-11,4095,F,1,7,1 1 1 1 1 1 1 1 1 1 1 1,7 7 7 7 7 7 7 7 7 6 7 6,1703
316,12,1-0 1-2 1-5 1-6 0-7 0-10 0-11 2-3 2-4 7-8 8-9,3226,S,1,7,2 1 2 1 1 2 2 1 2 2 1 1,7 7 7 7 7 7 7 7 7 7 7 7,1525
317,12,1-0 1-2 1-5 1-6 0-7 2-3 2-4 7-8 7-9 7-10 7-11,0,U,3,9,3 4 4 4 4 4 4 4 3 3 3 3,8 9 8 8 8 8 8 6 9 9 9 9,691
318,12,1-0 1-2 1-5 1-6 0-7 0-11 2-3 2-4 7-8 7-9 7-10,1893,S,1,8,1 2 1 2 2 1 1 2 1 1 1 2,8 8 8 7 7 8 8 8 7 7 7 7,1512
319,12,1-0 1-2 1-5 1-6 0-7 0-10 2-3 2-4 7-8 7-9 10-11,869,S,1,7,1 2 1 2 2 1 1 2 1 1 2 2,7 7 7 7 7 7 7 7 7 7 7 7,1562
320,12,1-0 1-2 1-5 1-6 0-7 0-10 0-11 2-3 2-4 7-8 7-9,4095,F,1,8,1 1 1 1 1 1 1 1 1 1 1 1,8 8 8 7 7 8 8 8 7 7 8 8,1964
321,12,1-0 1-2 1-5 0-6 0-11 2-3 2-4 6-7 6-10 7-8 7-9,858,S,1,7,2 1 2 1 1 2 1 2 1 1 2 2,7 7 7 7 7 7 7 7 7 7 7 7,1442
322,12,1-0 1-2 1-5 0-6 0-10 2-3 2-4 6-7 7-8 7-9 10-11,858,S,1,7,2 1 2 1 1 2 1 2 1 1 2 3,7 7 7 7 7 7 7 7 6 6 7 6,1259
323,12,1-0 1-2 1-5 0-6 0-10 0-11 2-3 2-4 6-7 7-8 7-9,0,U,3,7,4 3 4 3 3 4 3 4 3 3 3 3,7 7 7 7 7 7 7 6 7 7 7 7,805
324,12,1-0 1-2 1-5 0-6 2-3 2-4 6-7 6-9 6-11 7-8 9-10,4095,F,1,7,1 1 1 1 1 1 1 1 1 1 1 1,7 7 6 6 6 6 6 7 7 7 7 7,1719
325,12,1-0 1-2 1-5 0-6 0-11 2-3 2-4 6-7 6-9 7-8 9-10,90,S,1,6,2 1 2 1 1 2 1 2 2 2 2 2,6 6 6 6 6 6 6 6 6 6 6 5,1461
326,12,1-0 1-2 1-5 0-6 2-3 2-4 6-7 6-9 6-10 6-11 7-8,3995,S,1,8,1 1 2 1 1 2 2 1 1 1 1 1,7 7 7 7 7 6 8 7 6 7 7 7,1367
327,12,1-0 1-2 1-5 0-6 0-11 2-3 2-4 6-7 6-9 6-10 7-8,4095,F,1,7,1 1 1 1 1 1 1 1 1 1 1 1,7 7 7 7 7 7 7 7 7 7 7 7,1800
328,12,1-0 1-2 1-5 0-6 0-10 2-3 2-4 6-7 6-9 7-8 10-11,4095,F,1,7,1 1 1 1 1 1 1 1 1 1 1 1,7 7 7 6 6 7 7 7 6 7 7 6,1740
329,12,1-0 1-2 1-5 0-6 0-10 0-11 2-3 2-4 6-7 6-9 7-8,3162,S,1,7,2 1 2 1 1 2 1 2 2 2 1 1,7 7 6 7 7 7 6 7 7 7 7 7,1574
330,12,1-0 1-2 1-5 0-6 0-9 2-3 2-4 6-7 7-8 9-10 10-11,0,U,2,6,2 2 2 2 2 2 2 2 2 2 2 2,6 6 5 6 6 6 6 6 6 6 6 6,1151
331,12,1-0 1-2 1-5 0-6 0-9 2-3 2-4 6-7 7-8 9-10 9-11,4095,F,1,7,1 1 1 1 1 1 1 1 1 1 1 1,7 7 7 7 7 7 7 7 6 7 6 6,1509
332,12,1-0 1-2 1-5 0-6 0-9 0-11 2-3 2-4 6-7 7-8 9-10,2814,S,1,7,2 1 1 1 1 1 1 1 2 1 2 1,7 6 6 7 7 7 6 6 7 6 6 6,1504
333,12,1-0 1-2 1-5 0-6 0-9 0-10 0-11 2-3 2-4 6-7 7-8,0,U,3,7,4 3 4 3 3 4 3 4 4 3 3 3,7 7 7 7 7 7 7 7 7 7 7 7,919
334,12,1-0 1-2 1-5 0-6 2-3 2-4 6-7 6-8 6-9 6-10 6-11,0,U,3,9,3 5 4 5 5 4 4 3 3 3 3 3,8 9 8 8 8 8 7 9 9 9 9 9,573
335,12,1-0 1-2 1-5 0-6 0-11 2-3 2-4 6-7 6-8 6-9 6-10,1921,S,1,8,1 2 2 2 2 2 2 1 1 1 1 2,8 8 8 7 7 7 8 7 7 7 7 7,1287
336,12,1-0 1-2 1-5 0-6 0-10 2-3 2-4 6-7 6-8 6-9 10-11,897,S,1,7,1 2 2 2 2 2 2 1 1 1 2 2,7 7 7 7 7 7 7 7 7 7 7 7,1359
337,12,1-0 1-2 1-5 0-6 0-10 0-11 2-3 2-4 6-7 6-8 6-9,4095,F,1,8,1 1 1 1 1 1 1 1 1 1 1 1,8 8 8 7 7 7 8 7 7 7 8 8,1731
338,12,1-0 1-2 1-5 0-6 0-9 2-3 2-4 6-7 6-8 9-10 9-11,3457,S,1,7,1 2 2 2 2 2 2 1 1 2 1 1,7 7 7 7 7 7 7 7 7 7 7 7,1382
339,12,1-0 1-2 1-5 0-6 0-9 0-11 2-3 2-4 6-7 6-8 9-10,4095,F,1,7,1 1 1 1 1 1 1 1 1 1 1 1,7 7 7 7 7 7 7 7 7 7 7 7,1874
340,12,1-0 1-2 1-5 0-6 0-9 0-10 0-11 2-3 2-4 6-7 6-8,3674,S,1,8,2 1 2 1 1 2 1 2 2 1 1 1,8 8 8 7 7 7 8 7 7 8 8 8,1657
341,12,1-0 1-2 1-5 0-6 0-8 0-10 2-3 2-4 6-7 8-9 10-11,4095,F,1,6,1 1 1 1 1 1 1 1 1 1 1 1,6 6 6 5 5 6 6 6 6 6 6 6,1933
342,12,1-0 1-2 1-5 0-6 0-8 0-10 0-11 2-3 2-4 6-7 8-9,4095,F,1,7,1 1 1 1 1 1 1 1 1 1 1 1,7 7 7 7 7 7 7 7 7 7 7 7,1842
343,12,1-0 1-2 1-5 0-6 0-8 0-9 0-10 0-11 2-3 2-4 6-7,0,U,3,8,4 3 4 3 3 4 3 4 3 3 3 3,8 8 8 7 7 7 8 7 8 8 8 8,1086
344,12,1-0 1-2 0-5 0-9 2-3 2-4 5-6 6-7 6-8 9-10 10-11,0,U,3,6,5 3 4 3 3 3 4 3 3 3 4 5,6 6 6 6 6 6 6 6 6 6 6 6,498
345,12,1-0 1-2 0-5 0-9 2-3 2-4 5-6 6-7 6-8 9-10 9-11,0,U,2,7,3 2 3 2 2 2 3 2 2 3 3 3,7 7 7 7 7 7 7 7 7 7 7 7,949
346,12,1-0 1-2 0-5 0-9 0-11 2-3 2-4 5-6 6-7 6-8 9-10,0,U,3,7,3 3 4 3 3 3 4 3 3 4 4 4,7 7 7 7 7 7 7 7 7 7 7 7,695
347,12,1-0 1-2 0-5 0-9 0-10 0-11 2-3 2-4 5-6 6-7 6-8,0,U,5,8,6 5 6 5 5 5 6 5 5 5 5 5,8 7 7 8 8 7 7 8 8 7 7 7,274
348,12,1-0 1-2 0-5 2-3 2-4 5-6 5-8 5-10 6-7 8-9 10-11,0,U,2,6,3 2 2 2 2 2 3 3 3 3 3 3,5 5 4 5 5 6 5 5 5 5 5 5,1239
349,12,1-0 1-2 0-5 2-3 2-4 5-6 5-8 5-10 5-11 6-7 8-9,4095,F,1,7,1 1 1 1 1 1 1 1 1 1 1 1,7 7 6 7 7 6 7 7 7 7 7 7,1523
350,12,1-0 1-2 0-5 0-11 2-3 2-4 5-6 5-8 5-10 6-7 8-9,0,U,2,7,2 2 2 2 2 2 2 2 2 2 2 2,7 6 6 7 7 6 6 6 6 6 6 6,1375
351,12,1-0 1-2 0-5 0-10 2-3 2-4 5-6 5-8 6-7 8-9 10-11,58,S,1,6,2 1 2 1 1 1 2 2 2 2 2 3,6 6 5 6 6 6 6 6 6 6 6 6,1262
352,12,1-0 1-2 0-5 0-10 0-11 2-3 2-4 5-6 5-8 6-7 8-9,0,U,3,7,4 3 4 3 3 3 4 4 4 4 3 3,7 6 6 7 7 6 6 6 6 6 6 6,797
353,12,1-0 1-2 0-5 2-3 2-4 5-6 5-8 5-9 5-10 5-11 6-7,3905,S,1,8,1 3 2 3 3 2 1 3 1 1 1 1,7 7 6 7 7 8 7 5 7 7 7 7,1081
354,12,1-0 1-2 0-5 0-11 2-3 2-4 5-6 5-8 5-9 5-10 6-7,4095,F,1,7,1 1 1 1 1 1 1 1 1 1 1 1,7 7 7 7 7 7 7 7 7 7 7 7,1524
355,12,1-0 1-2 0-5 0-10 2-3 2-4 5-6 5-8 5-9 6-7 10-11,4095,F,1,7,1 1 1 1 1 1 1 1 1 1 1 1,7 7 7 6 6 7 7 7 7 7 7 6,1565
356,12,1-0 1-2 0-5 0-10 0-11 2-3 2-4 5-6 5-8 5-9 6-7,3130,S,1,7,2 1 2 1 1 1 2 2 2 2 1 1,7 7 6 7 7 7 7 7 7 7 7 7,1401
357,12,1-0 1-2 0-5 0-9 2-3 2-4 5-6 5-8 6-7 9-10 10-11,0,U,2,6,2 2 2 2 2 2 2 2 2 2 3 3,6 6 5 6 6 6 6 6 6 6 6 6,1075
358,12,1-0 1-2 0-5 0-9 2-3 2-4 5-6 5-8 6-7 9-10 9-11,4095,F,1,7,1 1 1 1 1 1 1 1 1 1 1 1,7 7 7 6 6 7 7 7 7 7 6 6,1439
359,12,1-0 1-2 0-5 0-9 0-11 2-3 2-4 5-6 5-8 6-7 9-10,2942,S,1,7,2 1 1 1 1 1 1 2 1 1 2 1,7 6 6 7 7 7 6 7 7 6 6 6,1441
360,12,1-0 1-2 0-5 0-9 0-10 0-11 2-3 2-4 5-6 5-8 6-7,0,U,3,7,4 3 4 3 3 3 4 4 4 3 3 3,7 7 6 7 7 7 7 7 7 7 7 7,861
361,12,1-0 1-2 0-5 0-8 0-11 2-3 2-4 5-6 6-7 8-9 9-10,0,U,3,6,3 3 4 3 3 3 4 4 3 4 4 4,6 6 6 6 6 6 6 6 6 6 6 6,630
362,12,1-0 1-2 0-5 0-8 2-3 2-4 5-6 6-7 8-9 8-10 8-11,382,S,1,7,2 1 1 1 1 1 1 3 1 2 2 2,7 7 7 7 7 7 7 7 7 7 7 7,1150
363,12,1-0 1-2 0-5 0-8 0-11 2-3 2-4 5-6 6-7 8-9 8-10,58,S,1,7,2 1 2 1 1 1 2 3 2 2 2 2,7 7 7 7 7 7 7 7 7 7 7 7,1188
364,12,1-0 1-2 0-5 0-8 0-10 2-3 2-4 5-6 6-7 8-9 10-11,1406,S,1,7,2 1 1 1 1 1 1 2 1 2 1 2,7 6 6 7 7 6 6 7 6 6 6 6,1245
365,12,1-0 1-2 0-5 0-8 0-10 0-11 2-3 2-4 5-6 6-7 8-9,0,U,2,7,3 2 3 2 2 2 3 4 2 3 2 2,7 7 7 7 7 7 7 7 7 7 7 7,836
366,12,1-0 1-2 0-5 0-8 0-9 0-10 0-11 2-3 2-4 5-6 6-7,0,U,5,8,6 5 6 5 5 5 6 6 5 5 5 5,8 7 7 8 8 7 7 8 7 7 7 7,307
367,12,1-0 1-2 0-5 2-3 2-4 5-6 5-7 5-8 5-9 5-10 5-11,0,U,5,9,5 5 6 5 5 6 5 5 5 5 5 5,9 9 6 9 9 6 9 9 9 9 9 9,411
368,12,1-0 1-2 0-5 0-11 2-3 2-4 5-6 5-7 5-8 5-9 5-10,0,U,3,9,3 3 4 3 3 4 3 3 3 3 3 4,9 8 7 9 9 8 8 8 8 8 8 8,948
369,12,1-0 1-2 0-5 0-10 2-3 2-4 5-6 5-7 5-8 5-9 10-11,0,U,2,8,2 3 3 3 3 3 2 2 2 2 3 4,7 8 7 7 7 8 8 8 8 8 8 8,1047
370,12,1-0 1-2 0-5 0-10 0-11 2-3 2-4 5-6 5-7 5-8 5-9,987,S,1,9,1 1 2 1 1 2 1 1 1 1 2 2,9 8 6 9 9 8 8 8 8 8 8 8,1336
371,12,1-0 1-2 0-5 0-9 2-3 2-4 5-6 5-7 5-8 9-10 9-11,0,U,2,8,2 3 3 3 3 3 2 2 2 3 2 2,7 8 7 6 6 8 8 8 8 8 8 8,1097
372,12,1-0 1-2 0-5 0-9 0-11 2-3 2-4 5-6 5-7 5-8 9-10,3071,S,1,8,1 1 1 1 1 1 1 1 1 1 2 1,7 8 7 7 7 8 8 8 8 8 8 8,1522
373,12,1-0 1-2 0-5 0-9 0-10 0-11 2-3 2-4 5-6 5-7 5-8,0,U,2,9,2 2 2 2 2 2 2 2 2 2 2 2,9 8 6 9 9 8 8 8 8 8 8 8,1318
374,12,1-0 1-2 0-5 0-8 0-11 2-3 2-4 5-6 5-7 8-9 8-10,4095,F,1,8,1 1 1 1 1 1 1 1 1 1 1 1,7 8 6 7 7 8 8 8 8 8 8 8,1575
375,12,1-0 1-2 0-5 0-8 0-10 2-3 2-4 5-6 5-7 8-9 10-11,4095,F,1,7,1 1 1 1 1 1 1 1 1 1 1 1,7 6 6 7 7 6 6 6 6 6 6 6,1617
376,12,1-0 1-2 0-5 0-8 0-10 0-11 2-3 2-4 5-6 5-7 8-9,3583,S,1,8,1 1 1 1 1 1 1 1 1 2 1 1,7 8 7 7 7 8 8 8 8 8 8 8,1561
377,12,1-0 1-2 0-5 0-8 0-9 0-10 0-11 2-3 2-4 5-6 5-7,0,U,3,9,4 3 4 3 3 3 4 4 3 3 3 3,9 8 6 9 9 8 8 8 8 8 8 8,907
378,12,1-0 1-2 0-5 0-7 0-9 0-11 2-3 2-4 5-6 7-8 9-10,2751,S,1,7,1 1 1 1 1 1 2 1 2 1 2 1,7 6 6 7 7 6 6 6 6 6 6 6,1615
379,12,1-0 1-2 0-5 0-7 0-9 0-10 0-11 2-3 2-4 5-6 7-8,0,U,2,8,3 2 3 2 2 2 3 2 3 2 2 2,7 8 7 7 7 8 8 8 8 8 8 8,1044
380,12,1-0 1-2 0-5 0-7 0-8 0-9 0-10 0-11 2-3 2-4 5-6,0,U,5,9,6 5 6 5 5 5 6 5 5 5 5 5,9 8 7 9 9 8 8 8 8 8 8 8,352
381,12,1-0 1-2 1-4 1-6 1-8 0-9 2-3 4-5 6-7 9-10 10-11,4095,F,1,6,1 1 1 1 1 1 1 1 1 1 1 1,5 6 5 5 5 5 5 5 5 6 5 5,1678
382,12,1-0 1-2 1-4 1-6 0-8 2-3 4-5 6-7 8-9 8-11 9-10,4095,F,1,6,1 1 1 1 1 1 1 1 1 1 1 1,5 6 5 5 5 5 5 5 6 5 5 5,1762
383,12,1-0 1-2 1-4 1-6 0-8 0-11 2-3 4-5 6-7 8-9 9-10,258,S,1,5,2 1 2 2 2 2 2 2 1 2 2 2,5 5 5 5 5 5 5 5 5 5 5 5,1471
384,12,1-0 1-2 1-4 1-6 1-7 1-8 0-9 2-3 4-5 9-10 10-11,4095,F,1,7,1 1 1 1 1 1 1 1 1 1 1 1,7 6 7 7 7 7 7 7 7 7 6 7,1515
385,12,1-0 1-2 1-4 1-6 1-7 0-8 2-3 4-5 8-9 8-11 9-10,4095,F,1,7,1 1 1 1 1 1 1 1 1 1 1 1,7 6 7 7 7 7 7 7 7 6 6 6,1657
386,12,1-0 1-2 1-4 1-6 1-7 0-8 0-11 2-3 4-5 8-9 9-10,4095,F,1,7,1 1 1 1 1 1 1 1 1 1 1 1,7 6 6 6 6 6 6 6 6 6 7 6,1826
387,12,1-0 1-2 1-4 1-6 0-7 2-3 4-5 7-8 7-10 8-9 10-11,4095,F,1,6,1 1 1 1 1 1 1 1 1 1 1 1,6 5 6 6 6 6 6 5 6 6 6 6,1764
388,12,1-0 1-2 1-4 1-6 0-7 2-3 4-5 7-8 7-10 7-11 8-9,4095,F,1,7,1 1 1 1 1 1 1 1 1 1 1 1,7 6 7 7 7 7 7 7 6 6 6 6,1614
389,12,1-0 1-2 1-4 1-6 0-7 0-11 2-3 4-5 7-8 7-10 8-9,4095,F,1,6,1 1 1 1 1 1 1 1 1 1 1 1,6 6 6 6 6 6 6 6 6 6 6 5,1941
390,12,1-0 1-2 1-4 1-6 0-7 0-10 2-3 4-5 7-8 8-9 10-11,4095,F,1,6,1 1 1 1 1 1 1 1 1 1 1 1,6 6 6 6 6 6 6 6 5 6 6 6,1775
391,12,1-0 1-2 1-4 1-6 0-7 0-10 0-11 2-3 4-5 7-8 8-9,3202,S,1,7,2 1 2 2 2 2 2 1 2 2 1 1,7 6 6 6 6 6 6 6 6 7 6 6,1552
392,12,1-0 1-2 1-4 1-6 0-7 2-3 4-5 7-8 7-9 7-10 7-11,0,U,2,8,2 3 3 4 3 4 3 3 2 2 2 2,8 7 8 8 8 8 8 7 7 7 7 7,812
393,12,1-0 1-2 1-4 1-6 0-7 0-11 2-3 4-5 7-8 7-9 7-10,4095,F,1,7,1 1 1 1 1 1 1 1 1 1 1 1,7 7 7 7 7 7 7 7 7 7 7 7,1658
394,12,1-0 1-2 1-4 1-6 0-7 0-10 2-3 4-5 7-8 7-9 10-11,4095,F,1,7,1 1 1 1 1 1 1 1 1 1 1 1,6 7 6 6 6 6 6 7 7 7 7 7,1716
395,12,1-0 1-2 1-4 1-6 0-7 0-10 0-11 2-3 4-5 7-8 7-9,4095,F,1,7,1 1 1 1 1 1 1 1 1 1 1 1,7 7 7 7 7 7 7 6 7 7 7 7,2045
396,12,1-0 1-2 1-4 1-6 0-7 0-9 0-11 2-3 4-5 7-8 9-10,4095,F,1,6,1 1 1 1 1 1 1 1 1 1 1 1,6 6 6 6 6 6 6 6 6 6 6 6,2129
397,12,1-0 1-2 1-4 0-6 0-11 2-3 4-5 6-7 6-9 7-8 9-10,66,S,1,5,2 1 2 2 2 2 1 2 2 2 2 2,5 5 5 5 5 5 5 5 5 5 5 5,1476
398,12,1-0 1-2 1-4 0-6 2-3 4-5 6-7 6-9 6-10 6-11 7-8,4055,S,1,7,1 1 1 2 1 2 1 1 1 1 1 1,7 6 7 7 7 7 7 6 6 6 6 6,1425
399,12,1-0 1-2 1-4 0-6 0-11 2-3 4-5 6-7 6-9 6-10 7-8,4095,F,1,6,1 1 1 1 1 1 1 1 1 1 1 1,6 6 6 6 6 6 6 6 6 6 6 6,1853
400,12,1-0 1-2 1-4 0-6 0-10 2-3 4-5 6-7 6-9 7-8 10-11,4095,F,1,6,1 1 1 1 1 1 1 1 1 1 1 1,6 6 6 6 6 6 6 5 6 6 5 6,1792
401,12,1-0 1-2 1-4 0-6 0-10 0-11 2-3 4-5 6-7 6-9 7-8,3138,S,1,6,2 1 2 2 2 2 1 2 2 2 1 1,6 6 6 6 6 6 6 6 6 6 6 6,1595
402,12,1-0 1-2 1-4 0-6 0-9 2-3 4-5 6-7 7-8 9-10 10-11,0,U,2,5,2 2 2 2 2 2 2 2 2 2 2 2,5 5 5 5 5 5 5 5 5 5 5 5,1155
403,12,1-0 1-2 1-4 0-6 0-9 2-3 4-5 6-7 7-8 9-10 9-11,3839,S,1,6,1 1 1 1 1 1 1 1 2 1 1 1,6 6 6 6 6 6 6 5 6 6 6 6,1548
404,12,1-0 1-2 1-4 0-6 0-9 0-11 2-3 4-5 6-7 7-8 9-10,2774,S,1,6,2 1 1 2 1 2 1 1 2 1 2 1,6 6 6 6 6 6 6 5 6 6 6 6,1514
405,12,1-0 1-2 1-4 0-6 0-9 0-10 0-11 2-3 4-5 6-7 7-8,0,U,3,7,4 3 4 4 4 4 3 4 4 3 3 3,7 6 6 6 6 6 6 6 7 6 6 6,916
406,12,1-0 1-2 1-4 0-6 2-3 4-5 6-7 6-8 6-9 6-10 6-11,0,U,2,8,2 5 3 4 3 4 3 2 2 2 2 2,8 7 8 8 8 8 7 7 7 7 7 7,673
407,12,1-0 1-2 1-4 0-6 0-11 2-3 4-5 6-7 6-8 6-9 6-10,4055,S,1,7,1 1 1 2 1 2 1 1 1 1 1 1,7 7 7 7 7 7 7 7 7 7 7 7,1378
408,12,1-0 1-2 1-4 0-6 0-10 2-3 4-5 6-7 6-8 6-9 10-11,4055,S,1,7,1 1 1 2 1 2 1 1 1 1 1 1,7 7 7 7 7 7 7 7 7 7 7 7,1454
409,12,1-0 1-2 1-4 0-6 0-10 0-11 2-3 4-5 6-7 6-8 6-9,4095,F,1,7,1 1 1 1 1 1 1 1 1 1 1 1,7 7 7 7 7 7 7 7 7 7 7 7,1790
410,12,1-0 1-2 1-4 0-6 0-9 2-3 4-5 6-7 6-8 9-10 9-11,4055,S,1,7,1 1 1 2 1 2 1 1 1 1 1 1,7 7 7 7 7 7 7 7 7 7 7 7,1483
411,12,1-0 1-2 1-4 0-6 0-9 0-11 2-3 4-5 6-7 6-8 9-10,4095,F,1,7,1 1 1 1 1 1 1 1 1 1 1 1,7 6 7 7 7 7 6 6 6 6 6 6,1939
412,12,1-0 1-2 1-4 0-6 0-9 0-10 0-11 2-3 4-5 6-7 6-8,3650,S,1,7,2 1 2 2 2 2 1 2 2 1 1 1,7 7 7 7 7 7 7 7 7 7 7 7,1682
413,12,1-0 1-2 1-4 0-6 0-8 0-10 2-3 4-5 6-7 8-9 10-11,4095,F,1,6,1 1 1 1 1 1 1 1 1 1 1 1,5 6 5 5 5 5 6 6 6 6 6 6,1987
414,12,1-0 1-2 1-4 0-6 0-8 0-10 0-11 2-3 4-5 6-7 8-9,4095,F,1,7,1 1 1 1 1 1 1 1 1 1 1 1,7 6 7 7 7 7 6 6 6 6 6 6,1867
415,12,1-0 1-2 1-4 0-6 0-8 0-9 0-10 0-11 2-3 4-5 6-7,0,U,3,7,4 3 4 4 4 4 3 4 3 3 3 3,7 7 7 7 7 7 7 7 7 7 7 7,1090
416,12,1-0 1-2 1-4 1-5 1-6 1-7 1-8 0-9 2-3 9-10 10-11,0,U,3,8,3 4 3 3 3 3 3 3 3 3 4 5,7 8 7 6 7 7 7 7 7 8 7 7,784
417,12,1-0 1-2 1-4 1-5 1-6 1-7 0-8 2-3 8-9 8-11 9-10,0,U,2,8,2 3 2 3 2 2 2 2 3 2 3 3,7 8 7 6 7 7 7 7 8 7 6 7,911
418,12,1-0 1-2 1-4 1-5 1-6 1-7 0-8 0-11 2-3 8-9 9-10,3071,S,1,7,1 1 1 1 1 1 1 1 1 1 2 1,7 7 7 7 7 7 7 7 7 7 7 7,1500
419,12,1-0 1-2 1-4 1-5 1-6 0-7 2-3 7-8 7-10 7-11 8-9,0,U,2,8,2 3 2 3 2 2 2 3 2 3 2 2,7 8 7 6 7 7 7 8 7 6 7 7,955
420,12,1-0 1-2 1-4 1-5 1-6 0-7 0-11 2-3 7-8 7-10 8-9,4095,F,1,7,1 1 1 1 1 1 1 1 1 1 1 1,7 7 7 7 7 7 7 7 7 7 7 7,1713
421,12,1-0 1-2 1-4 1-5 1-6 0-7 0-10 2-3 7-8 8-9 10-11,3583,S,1,7,1 1 1 1 1 1 1 1 1 2 1 1,7 7 7 7 7 7 7 7 7 6 7 6,1533
422,12,1-0 1-2 1-4 1-5 1-6 0-7 0-10 0-11 2-3 7-8 8-9,4087,S,1,7,1 1 1 2 1 1 1 1 1 1 1 1,7 7 7 7 7 7 7 7 7 7 7 7,1772
423,12,1-0 1-2 1-4 1-5 1-6 0-7 2-3 7-8 7-9 7-10 7-11,0,U,5,9,5 6 5 6 5 5 5 6 5 5 5 5,8 9 8 8 8 8 8 7 9 9 9 9,316
424,12,1-0 1-2 1-4 1-5 1-6 0-7 0-11 2-3 7-8 7-9 7-10,0,U,3,8,3 4 3 4 3 3 3 4 3 3 3 4,8 8 8 7 8 8 8 8 7 7 7 7,1041
425,12,1-0 1-2 1-4 1-5 1-6 0-7 0-10 2-3 7-8 7-9 10-11,0,U,3,7,3 4 3 4 3 3 3 4 3 3 4 4,7 7 7 7 7 7 7 7 7 7 7 7,1053
426,12,1-0 1-2 1-4 1-5 1-6 0-7 0-10 0-11 2-3 7-8 7-9,885,S,1,8,1 2 1 2 1 1 1 2 1 1 2 2,8 8 8 7 8 8 8 8 7 7 8 8,1784
427,12,1-0 1-2 1-4 1-5 1-6 0-7 0-9 0-11 2-3 7-8 9-10,117,S,1,7,1 2 1 2 1 1 1 2 2 2 2 2,7 7 6 7 7 7 7 7 7 7 7 7,1805
428,12,1-0 1-2 1-4 1-5 1-6 0-7 0-9 0-10 0-11 2-3 7-8,4095,F,1,8,1 1 1 1 1 1 1 1 1 1 1 1,8 8 8 7 8 8 8 8 7 8 8 8,2084
429,12,1-0 1-2 1-4 1-5 0-6 0-11 2-3 6-7 6-9 6-10 7-8,4095,F,1,7,1 1 1 1 1 1 1 1 1 1 1 1,7 7 7 7 7 7 7 7 7 7 7 7,1768
430,12,1-0 1-2 1-4 1-5 0-6 0-10 2-3 6-7 6-9 7-8 10-11,4095,F,1,7,1 1 1 1 1 1 1 1 1 1 1 1,7 7 7 6 7 7 7 7 6 7 7 6,1680
431,12,1-0 1-2 1-4 1-5 0-6 0-10 0-11 2-3 6-7 6-9 7-8,4095,F,1,7,1 1 1 1 1 1 1 1 1 1 1 1,7 7 7 7 7 7 7 7 7 7 7 7,1987
432,12,1-0 1-2 1-4 1-5 0-6 0-9 2-3 6-7 7-8 9-10 10-11,4095,F,1,6,1 1 1 1 1 1 1 1 1 1 1 1,6 6 6 6 6 6 6 6 6 6 6 6,1483
433,12,1-0 1-2 1-4 1-5 0-6 0-9 2-3 6-7 7-8 9-10 9-11,3839,S,1,7,1 1 1 1 1 1 1 1 2 1 1 1,7 7 7 7 7 7 7 7 6 7 6 6,1479
434,12,1-0 1-2 1-4 1-5 0-6 0-9 0-11 2-3 6-7 7-8 9-10,4095,F,1,7,1 1 1 1 1 1 1 1 1 1 1 1,7 7 6 7 7 7 6 6 7 6 6 6,1849
435,12,1-0 1-2 1-4 1-5 0-6 0-9 0-10 0-11 2-3 6-7 7-8,3650,S,1,7,2 1 2 2 2 2 1 2 2 1 1 1,7 7 7 7 7 7 7 7 7 7 7 7,1565
436,12,1-0 1-2 1-4 1-5 0-6 2-3 6-7 6-8 6-9 6-10 6-11,0,U,5,9,5 6 5 6 5 5 6 5 5 5 5 5,8 9 8 8 8 8 7 9 9 9 9 9,296
437,12,1-0 1-2 1-4 1-5 0-6 0-11 2-3 6-7 6-8 6-9 6-10,0,U,3,8,3 4 3 4 3 3 4 3 3 3 3 4,8 8 8 7 8 8 8 7 7 7 7 7,976
438,12,1-0 1-2 1-4 1-5 0-6 0-10 2-3 6-7 6-8 6-9 10-11,0,U,3,7,3 4 3 4 3 3 4 3 3 3 4 4,7 7 7 7 7 7 7 7 7 7 7 7,994
439,12,1-0 1-2 1-4 1-5 0-6 0-10 0-11 2-3 6-7 6-8 6-9,949,S,1,8,1 2 1 2 1 1 2 1 1 1 2 2,8 8 8 7 8 8 8 7 7 7 8 8,1691
440,12,1-0 1-2 1-4 1-5 0-6 0-9 2-3 6-7 6-8 9-10 9-11,0,U,3,7,3 4 3 4 3 3 4 3 3 4 3 3,7 7 7 6 7 7 7 7 7 7 7 7,1002
441,12,1-0 1-2 1-4 1-5 0-6 0-9 0-11 2-3 6-7 6-8 9-10,437,S,1,7,1 2 1 2 1 1 2 1 1 2 2 2,7 7 6 7 7 7 7 7 7 7 7 7,1746
442,12,1-0 1-2 1-4 1-5 0-6 0-9 0-10 0-11 2-3 6-7 6-8,4095,F,1,8,1 1 1 1 1 1 1 1 1 1 1 1,8 8 8 7 8 8 8 7 7 8 8 8,2064
443,12,1-0 1-2 1-4 1-5 0-6 0-8 0-10 2-3 6-7 8-9 10-11,53,S,1,6,1 2 1 2 1 1 2 2 2 2 2 2,6 6 6 5 6 6 6 6 6 6 6 6,1762
444,12,1-0 1-2 1-4 1-5 0-6 0-8 0-10 0-11 2-3 6-7 8-9,4095,F,1,7,1 1 1 1 1 1 1 1 1 1 1 1,7 7 6 7 7 7 7 7 7 7 7 7,2161
445,12,1-0 1-2 1-4 1-5 0-6 0-8 0-9 0-10 0-11 2-3 6-7,3906,S,1,8,2 1 2 2 2 2 1 2 1 1 1 1,8 8 8 7 8 8 8 7 8 8 8 8,1801
446,12,1-0 1-2 1-4 0-5 0-9 2-3 5-6 5-8 6-7 9-10 10-11,4095,F,1,6,1 1 1 1 1 1 1 1 1 1 1 1,6 6 6 6 6 6 6 6 6 6 6 6,1607
447,12,1-0 1-2 1-4 0-5 0-9 2-3 5-6 5-8 6-7 9-10 9-11,4095,F,1,7,1 1 1 1 1 1 1 1 1 1 1 1,7 7 7 6 7 7 7 6 7 7 6 6,1564
448,12,1-0 1-2 1-4 0-5 0-9 0-11 2-3 5-6 5-8 6-7 9-10,4095,F,1,6,1 1 1 1 1 1 1 1 1 1 1 1,6 6 6 6 6 6 6 6 6 6 6 6,1967
449,12,1-0 1-2 1-4 0-5 0-9 0-10 0-11 2-3 5-6 5-8 6-7,3618,S,1,7,2 1 2 2 2 1 2 2 2 1 1 1,7 7 7 7 7 7 7 7 7 7 7 7,1682
450,12,1-0 1-2 1-4 0-5 0-8 0-11 2-3 5-6 6-7 8-9 9-10,288,S,1,6,2 2 2 2 2 1 2 2 1 2 2 2,6 6 5 6 6 5 5 6 5 5 6 5,1304
451,12,1-0 1-2 1-4 0-5 0-8 2-3 5-6 6-7 8-9 8-10 8-11,3967,S,1,7,1 1 1 1 1 1 1 2 1 1 1 1,7 7 7 7 7 7 7 6 7 6 6 6,1336
452,12,1-0 1-2 1-4 0-5 0-8 0-11 2-3 5-6 6-7 8-9 8-10,4095,F,1,7,1 1 1 1 1 1 1 1 1 1 1 1,7 7 6 7 7 6 6 7 6 6 6 6,1738
453,12,1-0 1-2 1-4 0-5 0-8 0-10 2-3 5-6 6-7 8-9 10-11,4095,F,1,6,1 1 1 1 1 1 1 1 1 1 1 1,6 6 6 5 6 6 6 6 6 6 6 6,1792
454,12,1-0 1-2 1-4 0-5 0-8 0-10 0-11 2-3 5-6 6-7 8-9,3583,S,1,7,1 1 1 1 1 1 1 1 1 2 1 1,7 7 6 7 7 6 6 7 6 6 6 6,1647
455,12,1-0 1-2 1-4 0-5 0-8 0-9 0-10 0-11 2-3 5-6 6-7,0,U,3,7,4 3 4 4 4 3 4 4 3 3 3 3,7 7 7 7 7 7 7 7 7 7 7 7,959
456,12,1-0 1-2 1-4 0-5 2-3 5-6 5-7 5-8 5-9 5-10 5-11,0,U,5,9,5 6 6 7 6 6 5 5 5 5 5 5,8 9 8 8 8 7 9 9 9 9 9 9,273
457,12,1-0 1-2 1-4 0-5 0-11 2-3 5-6 5-7 5-8 5-9 5-10,0,U,3,8,3 4 3 4 4 4 3 3 3 3 3 4,8 8 8 7 7 8 7 7 7 7 7 7,879
458,12,1-0 1-2 1-4 0-5 0-10 2-3 5-6 5-7 5-8 5-9 10-11,0,U,3,7,3 4 3 4 4 4 3 3 3 3 4 4,7 7 7 7 7 7 7 7 7 7 7 7,906
459,12,1-0 1-2 1-4 0-5 0-10 0-11 2-3 5-6 5-7 5-8 5-9,965,S,1,8,1 2 1 2 2 2 1 1 1 1 2 2,8 8 8 7 7 8 7 7 7 7 8 8,1533
460,12,1-0 1-2 1-4 0-5 0-9 2-3 5-6 5-7 5-8 9-10 9-11,0,U,3,7,3 4 3 4 4 4 3 3 3 4 3 3,7 7 7 7 7 7 7 7 7 7 7 7,918
461,12,1-0 1-2 1-4 0-5 0-9 0-11 2-3 5-6 5-7 5-8 9-10,453,S,1,7,1 2 1 2 2 2 1 1 1 2 2 2,7 7 7 7 7 7 7 7 7 7 7 7,1618
462,12,1-0 1-2 1-4 0-5 0-9 0-10 0-11 2-3 5-6 5-7 5-8,4095,F,1,8,1 1 1 1 1 1 1 1 1 1 1 1,8 8 8 7 7 8 7 7 7 8 8 8,1907
463,12,1-0 1-2 1-4 0-5 0-8 0-11 2-3 5-6 5-7 8-9 8-10,1733,S,1,7,1 2 1 2 2 2 1 1 2 1 1 2,7 7 7 7 7 7 7 7 7 7 7 7,1648
464,12,1-0 1-2 1-4 0-5 0-8 0-10 2-3 5-6 5-7 8-9 10-11,197,S,1,6,1 2 1 2 2 2 1 1 2 2 2 2,6 6 6 5 6 6 6 6 6 6 6 6,1663
465,12,1-0 1-2 1-4 0-5 0-8 0-10 0-11 2-3 5-6 5-7 8-9,4095,F,1,7,1 1 1 1 1 1 1 1 1 1 1 1,7 7 7 7 7 7 7 7 7 7 7 7,2066
466,12,1-0 1-2 1-4 0-5 0-8 0-9 0-10 0-11 2-3 5-6 5-7,3874,S,1,8,2 1 2 2 2 1 2 2 1 1 1 1,8 8 8 7 7 8 7 7 8 8 8 8,1741
467,12,1-0 1-2 1-4 0-5 0-7 0-9 0-11 2-3 5-6 7-8 9-10,4095,F,1,6,1 1 1 1 1 1 1 1 1 1 1 1,6 6 6 5 6 6 6 6 6 6 6 6,2128
468,12,1-0 1-2 1-4 0-5 0-7 0-9 0-10 0-11 2-3 5-6 7-8,4095,F,1,7,1 1 1 1 1 1 1 1 1 1 1 1,7 7 7 7 7 7 7 7 7 7 7 7,1946
469,12,1-0 1-2 1-4 0-5 0-7 0-8 0-9 0-10 0-11 2-3 5-6,0,U,3,8,4 3 4 4 4 3 4 3 3 3 3 3,8 8 8 7 7 8 7 8 8 8 8 8,1111
470,12,1-0 1-2 0-4 0-7 0-10 2-3 4-5 5-6 7-8 8-9 10-11,146,S,1,6,3 1 2 3 1 2 3 1 2 3 2 2,6 5 5 6 5 5 6 5 5 6 5 5,1120
471,12,1-0 1-2 0-4 0-7 0-10 0-11 2-3 4-5 5-6 7-8 8-9,0,U,2,6,4 2 3 4 2 3 4 2 3 4 3 3,6 6 6 6 6 6 6 6 6 6 6 6,747
472,12,1-0 1-2 0-4 0-7 2-3 4-5 5-6 7-8 7-9 7-10 7-11,4023,S,1,7,1 1 1 3 1 1 3 1 1 1 1 1,7 7 7 7 7 7 7 7 7 7 7 7,1072
473,12,1-0 1-2 0-4 0-7 0-11 2-3 4-5 5-6 7-8 7-9 7-10,1883,S,1,7,1 1 2 1 1 2 1 2 1 1 1 2,7 7 7 7 7 7 7 7 7 7 7 7,1423
474,12,1-0 1-2 0-4 0-7 0-10 2-3 4-5 5-6 7-8 7-9 10-11,2047,S,1,7,1 1 1 1 1 1 1 1 1 1 1 2,7 6 6 7 6 6 7 6 6 6 6 6,1545
475,12,1-0 1-2 0-4 0-7 0-10 0-11 2-3 4-5 5-6 7-8 7-9,0,U,2,7,2 2 2 2 2 2 2 2 2 2 2 2,7 7 7 7 7 7 7 7 7 7 7 7,1395
476,12,1-0 1-2 0-4 0-7 0-9 0-11 2-3 4-5 5-6 7-8 9-10,91,S,1,7,1 1 2 1 1 2 1 2 2 2 2 2,7 6 6 7 6 6 7 6 6 6 6 6,1454
477,12,1-0 1-2 0-4 0-7 0-9 0-10 0-11 2-3 4-5 5-6 7-8,0,U,2,7,3 2 3 3 2 3 3 3 3 3 3 3,7 7 7 7 7 7 7 7 7 7 7 7,934
478,12,1-0 1-2 0-4 0-7 0-8 0-9 0-10 0-11 2-3 4-5 5-6,0,U,5,8,6 5 6 6 5 6 6 5 5 5 5 5,8 7 7 8 7 7 8 7 7 7 7 7,326
479,12,1-0 1-2 0-4 2-3 4-5 4-6 4-7 4-8 4-9 4-10 4-11,0,U,5,9,5 8 6 9 6 5 5 5 5 5 5 5,9 9 7 9 7 9 9 9 9 9 9 9,258
480,12,1-0 1-2 0-4 0-11 2-3 4-5 4-6 4-7 4-8 4-9 4-10,0,U,3,9,3 4 4 6 4 3 3 3 3 3 3 4,9 8 7 9 8 8 8 8 8 8 8 8,711
481,12,1-0 1-2 0-4 0-10 2-3 4-5 4-6 4-7 4-8 4-9 10-11,0,U,3,8,3 4 4 6 4 3 3 3 3 3 4 4,7 8 7 7 8 8 8 8 8 8 8 8,755
482,12,1-0 1-2 0-4 0-10 0-11 2-3 4-5 4-6 4-7 4-8 4-9,993,S,1,9,1 2 2 4 2 1 1 1 1 1 2 2,9 8 7 9 8 8 8 8 8 8 8 8,1236
483,12,1-0 1-2 0-4 0-9 2-3 4-5 4-6 4-7 4-8 9-10 9-11,0,U,3,8,3 4 4 6 4 3 3 3 3 4 3 3,7 8 7 6 8 8 8 8 8 8 8 8,780
484,12,1-0 1-2 0-4 0-9 0-11 2-3 4-5 4-6 4-7 4-8 9-10,481,S,1,8,1 2 2 3 2 1 1 1 1 2 2 2,7 8 7 7 8 8 8 8 8 8 8 8,1361
485,12,1-0 1-2 0-4 0-9 0-10 0-11 2-3 4-5 4-6 4-7 4-8,3606,S,1,9,2 1 1 2 1 2 2 2 2 1 1 1,9 8 7 9 8 8 8 8 8 8 8 8,1564
486,12,1-0 1-2 0-4 0-8 2-3 4-5 4-6 4-7 8-9 8-10 8-11,0,U,3,8,3 4 4 6 4 3 3 3 4 3 3 3,7 8 7 6 8 8 8 8 8 8 8 8,787
487,12,1-0 1-2 0-4 0-8 0-11 2-3 4-5 4-6 4-7 8-9 8-10,1761,S,1,8,1 2 2 3 2 1 1 1 2 1 1 2,7 8 6 7 8 8 8 8 8 8 8 8,1418
488,12,1-0 1-2 0-4 0-8 0-10 2-3 4-5 4-6 4-7 8-9 10-11,225,S,1,7,1 2 2 3 2 1 1 1 2 2 2 2,7 6 6 7 6 6 6 6 6 6 6 6,1430
489,12,1-0 1-2 0-4 0-8 0-10 0-11 2-3 4-5 4-6 4-7 8-9,4095,F,1,8,1 1 1 1 1 1 1 1 1 1 1 1,7 8 7 7 8 8 8 8 8 8 8 8,1768
490,12,1-0 1-2 0-4 0-8 0-9 0-10 0-11 2-3 4-5 4-6 4-7,3858,S,1,9,2 1 2 2 1 2 2 2 1 1 1 1,9 8 7 9 8 8 8 8 8 8 8 8,1465
491,12,1-0 1-2 0-4 0-7 0-10 2-3 4-5 4-6 7-8 7-9 10-11,865,S,1,7,1 2 2 3 2 1 1 2 1 1 2 2,7 6 6 7 6 6 6 6 6 6 6 6,1459
492,12,1-0 1-2 0-4 0-7 0-10 0-11 2-3 4-5 4-6 7-8 7-9,4095,F,1,8,1 1 1 1 1 1 1 1 1 1 1 1,7 8 6 7 8 8 8 8 8 8 8 8,1824
493,12,1-0 1-2 0-4 0-7 0-9 0-11 2-3 4-5 4-6 7-8 9-10,4095,F,1,7,1 1 1 1 1 1 1 1 1 1 1 1,7 6 6 7 6 6 6 6 6 6 6 6,1880
494,12,1-0 1-2 0-4 0-7 0-9 0-10 0-11 2-3 4-5 4-6 7-8,4095,F,1,8,1 1 1 1 1 1 1 1 1 1 1 1,7 8 7 7 8 8 8 8 8 8 8 8,1725
495,12,1-0 1-2 0-4 0-7 0-8 0-9 0-10 0-11 2-3 4-5 4-6,0,U,3,9,4 3 4 4 3 4 4 3 3 3 3 3,9 8 7 9 8 8 8 8 8 8 8 8,983
496,12,1-0 1-2 0-4 0-6 0-8 0-10 2-3 4-5 6-7 8-9 10-11,4095,F,1,6,1 1 1 1 1 1 1 1 1 1 1 1,5 6 5 5 6 6 6 6 6 6 6 6,1893
497,12,1-0 1-2 0-4 0-6 0-8 0-10 0-11 2-3 4-5 6-7 8-9,4095,F,1,7,1 1 1 1 1 1 1 1 1 1 1 1,7 6 6 7 6 6 6 6 6 6 6 6,1804
498,12,1-0 1-2 0-4 0-6 0-8 0-9 0-10 0-11 2-3 4-5 6-7,0,U,2,8,3 2 3 3 2 3 2 3 2 2 2 2,7 8 7 7 8 8 8 8 8 8 8 8,1106
499,12,1-0 1-2 0-4 0-6 0-7 0-8 0-9 0-10 0-11 2-3 4-5,0,U,5,9,6 5 6 6 5 6 5 5 5 5 5 5,9 8 7 9 8 8 8 8 8 8 8 8,355
500,12,1-0 1-2 1-3 1-4 1-5 1-6 1-7 1-8 1-9 0-10 10-11,0,U,8,9,8 9 8 8 8 8 8 8 8 8 9 9,9 9 9 9 9 9 9 9 9 9 9 9,77
501,12,1-0 1-2 1-3 1-4 1-5 1-6 1-7 1-8 0-9 9-10 9-11,0,U,8,9,8 9 8 8 8 8 8 8 8 9 8 8,8 9 9 9 9 9 9 9 9 9 9 9,72
502,12,1-0 1-2 1-3 1-4 1-5 1-6 1-7 1-8 0-9 0-11 9-10,0,U,6,9,6 7 6 6 6 6 6 6 6 7 7 7,9 8 8 8 8 8 8 8 8 8 7 8,339
503,12,1-0 1-2 1-3 1-4 1-5 1-6 1-7 0-8 8-9 8-10 8-11,0,U,8,9,8 9 8 8 8 8 8 8 9 8 8 8,8 9 9 9 9 9 9 9 9 9 9 9,68
504,12,1-0 1-2 1-3 1-4 1-5 1-6 1-7 0-8 0-11 8-9 8-10,0,U,6,8,6 7 6 6 6 6 6 6 7 6 6 7,8 8 8 8 8 8 8 8 8 8 8 7,338
505,12,1-0 1-2 1-3 1-4 1-5 1-6 1-7 0-8 0-10 8-9 10-11,0,U,6,8,6 7 6 6 6 6 6 6 7 7 7 7,7 8 8 8 8 8 8 8 8 8 8 8,338
506,12,1-0 1-2 1-3 1-4 1-5 1-6 1-7 0-8 0-10 0-11 8-9,0,U,4,9,4 5 4 4 4 4 4 4 5 5 5 5,9 8 8 8 8 8 8 8 8 7 8 8,874
507,12,1-0 1-2 1-3 1-4 1-5 1-6 0-7 7-8 7-9 7-10 7-11,0,U,8,9,8 9 8 8 8 8 8 9 8 8 8 8,8 9 9 9 9 9 9 9 9 9 9 9,66
508,12,1-0 1-2 1-3 1-4 1-5 1-6 0-7 0-11 7-8 7-9 7-10,0,U,6,8,6 7 6 6 6 6 6 7 6 6 6 7,8 8 8 8 8 8 8 8 8 8 8 7,339
509,12,1-0 1-2 1-3 1-4 1-5 1-6 0-7 0-10 7-8 7-9 10-11,0,U,6,8,6 7 6 6 6 6 6 7 6 6 7 7,7 8 8 8 8 8 8 8 8 8 8 7,338
510,12,1-0 1-2 1-3 1-4 1-5 1-6 0-7 0-10 0-11 7-8 7-9,0,U,4,8,4 5 4 4 4 4 4 5 4 4 5 5,8 8 8 8 8 8 8 8 8 8 8 8,897
511,12,1-0 1-2 1-3 1-4 1-5 1-6 0-7 0-9 0-11 7-8 9-10,0,U,4,8,4 5 4 4 4 4 4 5 5 5 5 5,7 8 8 8 8 8 8 8 8 8 8 8,900
512,12,1-0 1-2 1-3 1-4 1-5 1-6 0-7 0-9 0-10 0-11 7-8,0,U,2,9,2 3 2 2 2 2 2 3 3 3 3 3,9 8 8 8 8 8 8 8 7 8 8 8,1503
513,12,1-0 1-2 1-3 1-4 1-5 1-6 0-7 0-8 0-9 0-10 0-11,4095,F,1,10,1 1 1 1 1 1 1 1 1 1 1 1,8 8 10 10 10 10 10 10 10 10 10 10,1595
514,12,1-0 1-2 1-3 1-4 1-5 0-6 0-11 6-7 6-8 6-9 6-10,0,U,6,8,6 7 6 6 6 6 7 6 6 6 6 7,8 8 8 8 8 8 8 8 8 8 8 7,339
515,12,1-0 1-2 1-3 1-4 1-5 0-6 0-10 6-7 6-8 6-9 10-11,0,U,6,8,6 7 6 6 6 6 7 6 6 6 7 7,7 8 8 8 8 8 8 8 8 8 8 7,339
516,12,1-0 1-2 1-3 1-4 1-5 0-6 0-10 0-11 6-7 6-8 6-9,0,U,4,8,4 5 4 4 4 4 5 4 4 4 5 5,8 8 8 8 8 8 8 8 8 8 8 8,907
517,12,1-0 1-2 1-3 1-4 1-5 0-6 0-9 6-7 6-8 9-10 9-11,0,U,6,7,6 7 6 6 6 6 7 6 6 7 6 6,7 7 7 7 7 7 7 7 7 7 7 7,337
518,12,1-0 1-2 1-3 1-4 1-5 0-6 0-9 0-11 6-7 6-8 9-10,0,U,4,8,4 5 4 4 4 4 5 4 4 5 5 5,7 8 8 8 8 8 8 8 8 8 7 8,914
519,12,1-0 1-2 1-3 1-4 1-5 0-6 0-9 0-10 0-11 6-7 6-8,0,U,2,8,2 3 2 2 2 2 3 2 2 3 3 3,8 8 8 8 8 8 8 8 8 8 8 8,1565
520,12,1-0 1-2 1-3 1-4 1-5 0-6 0-8 0-10 6-7 8-9 10-11,0,U,4,7,4 5 4 4 4 4 5 5 5 5 5 5,7 6 6 6 6 6 6 6 6 6 6 6,917
521,12,1-0 1-2 1-3 1-4 1-5 0-6 0-8 0-10 0-11 6-7 8-9,0,U,2,8,2 3 2 2 2 2 3 3 3 3 3 3,7 8 8 8 8 8 8 8 8 8 8 8,1591
522,12,1-0 1-2 1-3 1-4 1-5 0-6 0-8 0-9 0-10 0-11 6-7,4095,F,1,9,1 1 1 1 1 1 1 1 1 1 1 1,9 8 8 8 8 8 8 7 8 8 8 8,1860
523,12,1-0 1-2 1-3 1-4 1-5 0-6 0-7 0-8 0-9 0-10 0-11,0,U,2,10,3 2 3 3 3 3 2 2 2 2 2 2,8 8 10 10 10 10 10 10 10 10 10 10,1368
524,12,1-0 1-2 1-3 1-4 0-5 0-9 5-6 5-7 5-8 9-10 9-11,0,U,6,7,6 7 6 6 6 7 6 6 6 7 6 6,7 7 7 7 7 7 7 7 7 7 7 7,338
525,12,1-0 1-2 1-3 1-4 0-5 0-9 0-11 5-6 5-7 5-8 9-10,0,U,4,8,4 5 4 4 4 5 4 4 4 5 5 5,7 8 8 8 8 8 8 8 8 8 7 8,918
526,12,1-0 1-2 1-3 1-4 0-5 0-9 0-10 0-11 5-6 5-7 5-8,0,U,2,8,2 3 2 2 2 3 2 2 2 3 3 3,8 8 8 8 8 8 8 8 8 8 8 8,1587
527,12,1-0 1-2 1-3 1-4 0-5 0-8 0-11 5-6 5-7 8-9 8-10,0,U,4,7,4 5 4 4 4 5 4 4 5 4 4 5,7 7 7 7 7 7 7 7 7 7 7 7,923
528,12,1-0 1-2 1-3 1-4 0-5 0-8 0-10 5-6 5-7 8-9 10-11,0,U,4,7,4 5 4 4 4 5 4 4 5 5 5 5,7 6 6 6 6 6 6 6 6 6 6 6,924
529,12,1-0 1-2 1-3 1-4 0-5 0-8 0-10 0-11 5-6 5-7 8-9,0,U,2,8,2 3 2 2 2 3 2 2 3 3 3 3,7 8 8 8 8 8 8 8 8 7 8 8,1631
530,12,1-0 1-2 1-3 1-4 0-5 0-8 0-9 0-10 0-11 5-6 5-7,4095,F,1,8,1 1 1 1 1 1 1 1 1 1 1 1,8 8 8 8 8 8 8 8 8 8 8 8,1950
531,12,1-0 1-2 1-3 1-4 0-5 0-7 0-9 0-11 5-6 7-8 9-10,0,U,2,7,2 3 2 2 2 3 3 3 3 3 3 3,7 6 6 6 6 6 6 6 6 6 6 6,1644
532,12,1-0 1-2 1-3 1-4 0-5 0-7 0-9 0-10 0-11 5-6 7-8,4095,F,1,8,1 1 1 1 1 1 1 1 1 1 1 1,7 8 8 8 8 8 8 8 8 8 8 8,2053
533,12,1-0 1-2 1-3 1-4 0-5 0-7 0-8 0-9 0-10 0-11 5-6,4002,S,1,9,2 1 2 2 2 1 2 1 1 1 1 1,9 8 8 8 8 8 7 8 8 8 8 8,1707
534,12,1-0 1-2 1-3 1-4 0-5 0-6 0-7 0-8 0-9 0-10 0-11,0,U,4,10,5 4 5 5 5 4 4 4 4 4 4 4,8 8 10 10 10 10 10 10 10 10 10 10,835
535,12,1-0 1-2 1-3 0-4 0-7 0-10 4-5 4-6 7-8 7-9 10-11,0,U,4,6,4 5 4 4 5 4 4 5 4 4 5 5,6 6 6 6 6 6 6 6 6 6 6 6,928
536,12,1-0 1-2 1-3 0-4 0-7 0-10 0-11 4-5 4-6 7-8 7-9,0,U,2,7,2 3 2 2 3 2 2 3 2 2 3 3,7 7 7 7 7 7 7 7 7 7 7 7,1647
537,12,1-0 1-2 1-3 0-4 0-7 0-9 0-11 4-5 4-6 7-8 9-10,0,U,2,7,2 3 2 2 3 2 2 3 3 3 3 3,7 6 6 6 6 6 6 6 6 6 6 6,1661
538,12,1-0 1-2 1-3 0-4 0-7 0-9 0-10 0-11 4-5 4-6 7-8,4095,F,1,8,1 1 1 1 1 1 1 1 1 1 1 1,7 8 8 8 8 8 8 8 7 8 8 8,2106
539,12,1-0 1-2 1-3 0-4 0-7 0-8 0-9 0-10 0-11 4-5 4-6,3986,S,1,8,2 1 2 2 1 2 2 1 1 1 1 1,8 8 8 8 8 8 8 8 8 8 8 8,1771
540,12,1-0 1-2 1-3 0-4 0-6 0-8 0-10 4-5 6-7 8-9 10-11,0,U,2,6,2 3 2 2 3 3 3 3 3 3 3 3,5 6 6 6 6 6 6 6 6 6 6 6,1671
541,12,1-0 1-2 1-3 0-4 0-6 0-8 0-10 0-11 4-5 6-7 8-9,4095,F,1,7,1 1 1 1 1 1 1 1 1 1 1 1,7 6 6 6 6 6 6 6 6 6 6 6,2162
542,12,1-0 1-2 1-3 0-4 0-6 0-8 0-9 0-10 0-11 4-5 6-7,4095,F,1,8,1 1 1 1 1 1 1 1 1 1 1 1,7 8 8 8 8 8 8 8 8 8 8 8,1987
543,12,1-0 1-2 1-3 0-4 0-6 0-7 0-8 0-9 0-10 0-11 4-5,0,U,3,9,4 3 4 4 3 4 3 3 3 3 3 3,9 8 8 8 8 7 8 8 8 8 8 8,1120
544,12,1-0 1-2 1-3 0-4 0-5 0-6 0-7 0-8 0-9 0-10 0-11,0,U,6,10,7 6 7 7 6 6 6 6 6 6 6 6,8 8 10 10 10 10 10 10 10 10 10 10,339
545,12,1-0 1-2 0-3 0-5 0-7 0-9 0-11 3-4 5-6 7-8 9-10,4095,F,1,6,1 1 1 1 1 1 1 1 1 1 1 1,5 6 6 6 6 6 6 6 6 6 6 6,2211
546,12,1-0 1-2 0-3 0-5 0-7 0-9 0-10 0-11 3-4 5-6 7-8,4095,F,1,7,1 1 1 1 1 1 1 1 1 1 1 1,7 6 6 6 6 6 6 6 6 6 6 6,2104
547,12,1-0 1-2 0-3 0-5 0-7 0-8 0-9 0-10 0-11 3-4 5-6,0,U,2,8,3 2 4 2 4 2 4 2 2 2 2 2,7 8 8 8 8 8 8 8 8 8 8 8,1245
548,12,1-0 1-2 0-3 0-5 0-6 0-7 0-8 0-9 0-10 0-11 3-4,0,U,6,9,7 6 6 6 6 6 6 6 6 6 6 6,9 8 8 8 8 8 8 8 8 8 8 8,366
549,12,1-0 1-2 0-3 0-4 0-5 0-6 0-7 0-8 0-9 0-10 0-11,0,U,8,10,9 8 10 8 8 8 8 8 8 8 8 8,9 8 10 10 10 10 10 10 10 10 10 10,86
550,12,1-0 0-2 0-3 0-4 0-5 0-6 0-7 0-8 0-9 0-10 0-11,0,U,10,11,11 10 10 10 10 10 10 10 10 10 10 10,11 10 10 10 10 10 10 10 10 10 10 10,23
